code,name,market,ticker,as_of,beta60,alpha60,er60,beta120,alpha120,er120,beta240,alpha240,er240
1101,臺灣水泥股份有限公司,TWSE,1101.TW,2026-09-24,0.2587,0.3774,0.0559,0.2878,-0.0241,0.2671,0.3449,-0.1205,0.2574
1102,亞洲水泥股份有限公司,TWSE,1102.TW,2026-09-24,-0.0065,0.3808,0.014,0.0317,0.1622,0.0428,0.0665,0.0005,0.0617
1103,嘉新水泥股份有限公司,TWSE,1103.TW,2026-09-24,0.0637,0.0666,0.0251,0.1128,-0.1105,0.1138,0.1837,-0.1193,0.1441
1104,環球水泥股份有限公司,TWSE,1104.TW,2026-09-24,0.0081,-0.0071,0.0163,0.0322,-0.084,0.0432,0.1435,-0.1512,0.1158
1108,幸福水泥股份有限公司,TWSE,1108.TW,2026-09-24,0.2246,-0.6288,0.0505,0.1855,-0.611,0.1775,0.1737,-0.3637,0.1371
1109,信大水泥股份有限公司,TWSE,1109.TW,2026-09-24,0.0484,-0.1152,0.0226,0.0688,-0.2106,0.0753,0.0906,-0.1651,0.0787
1110,東南水泥股份有限公司,TWSE,1110.TW,2026-09-24,0.1822,-0.1433,0.0438,0.3081,-0.1462,0.2849,0.2931,-0.3005,0.221
1201,味全食品工業股份有限公司,TWSE,1201.TW,2026-09-24,-0.0332,-0.1745,0.0098,-0.0087,-0.2474,0.0074,0.0366,-0.2971,0.0407
1203,味王股份有限公司,TWSE,1203.TW,2026-09-24,-0.0233,0.1288,0.0113,0.0447,0.2441,0.0542,0.1045,0.075,0.0884
1210,大成長城企業股份有限公司,TWSE,1210.TW,2026-09-24,-0.0214,-0.0521,0.0116,-0.0419,0.0562,-0.0217,-0.001,0.0768,0.0143
1213,大西洋飲料股份有限公司,TWSE,1213.TW,2026-09-24,0.1757,-0.3971,0.0428,0.1782,-0.6291,0.1711,0.197,-0.6432,0.1534
1215,台灣卜蜂企業股份有限公司,TWSE,1215.TW,2026-09-24,0.0112,-0.3044,0.0168,-0.0247,-0.4254,-0.0066,0.0435,-0.2218,0.0456
1216,統一企業股份有限公司,TWSE,1216.TW,2026-09-24,-0.2336,0.2204,-0.0219,-0.1423,0.287,-0.1097,-0.0571,0.0439,-0.0251
1217,愛之味股份有限公司,TWSE,1217.TW,2026-09-24,0.0731,0.0382,0.0265,0.0687,-0.0777,0.0752,0.0959,-0.0939,0.0824
1218,泰山企業股份有限公司,TWSE,1218.TW,2026-09-24,0.0659,-0.8712,0.0254,0.065,-0.5207,0.0719,0.0898,-0.2731,0.0781
1219,福壽實業股份有限公司,TWSE,1219.TW,2026-09-24,0.0845,-0.3351,0.0283,0.0509,-0.3478,0.0596,0.0044,-0.1153,0.0181
1220,台榮產業股份有限公司,TWSE,1220.TW,2026-09-24,-0.0356,-0.2866,0.0094,0.0359,-0.305,0.0464,0.0663,-0.2122,0.0616
1225,福懋油脂股份有限公司,TWSE,1225.TW,2026-09-24,0.0161,-0.7067,0.0175,0.0533,-0.5536,0.0617,0.014,-0.1416,0.0248
1227,佳格食品股份有限公司,TWSE,1227.TW,2026-09-24,-0.0982,0.0801,-0.0005,-0.0381,-0.0454,-0.0184,0.0417,-0.0388,0.0443
1229,聯華實業控股股份有限公司,TWSE,1229.TW,2026-09-24,0.1809,-0.0304,0.0436,0.1683,-0.2306,0.1624,0.1458,-0.2112,0.1175
1231,聯華食品工業股份有限公司,TWSE,1231.TW,2026-09-24,0.0792,0.0491,0.0275,0.0366,-0.1022,0.0471,0.0989,-0.4309,0.0845
1232,大統益股份有限公司,TWSE,1232.TW,2026-09-24,-0.1393,0.4165,-0.007,-0.0705,0.2621,-0.0468,-0.0077,0.1247,0.0096
1233,天仁茶業股份有限公司,TWSE,1233.TW,2026-09-24,-0.0075,-0.0055,0.0138,0.0392,-0.0344,0.0493,0.1166,-0.1536,0.0969
1234,黑松股份有限公司,TWSE,1234.TW,2026-09-24,-0.0574,-0.005,0.0059,-0.0061,-0.0562,0.0097,0.0622,-0.139,0.0587
1235,興泰實業股份有限公司,TWSE,1235.TW,2026-09-24,0.2055,0.0768,0.0475,0.3146,-0.1653,0.2906,0.3966,-0.503,0.2937
1236,宏亞食品股份有限公司,TWSE,1236.TW,2026-09-24,0.0628,0.2443,0.0249,0.0413,0.0748,0.0512,0.0902,0.0673,0.0784
1256,鮮活控股股份有限公司,TWSE,1256.TW,2026-09-24,0.4539,-0.3355,0.0867,0.4595,-0.004,0.4175,0.4335,-0.2141,0.3197
1301,台灣塑膠工業股份有限公司,TWSE,1301.TW,2026-09-24,0.7554,0.7122,0.1343,0.6688,0.2753,0.6009,0.6759,0.1892,0.49
1303,南亞塑膠工業股份有限公司,TWSE,1303.TW,2026-09-24,1.6448,1.241,0.2748,1.5325,1.3569,1.3575,1.4658,1.1406,1.0451
1304,台灣聚合化學品股份有限公司,TWSE,1304.TW,2026-09-24,0.5728,-0.2768,0.1055,0.2175,-0.8066,0.2055,-0.0628,0.4195,-0.0291
1305,華夏海灣塑膠股份有限公司,TWSE,1305.TW,2026-09-24,0.5959,-0.2891,0.1091,0.1874,-0.8661,0.1792,-0.0538,0.243,-0.0228
1307,三芳化學工業股份有限公司,TWSE,1307.TW,2026-09-24,0.2973,-0.2286,0.062,0.2204,-0.0915,0.2081,0.3001,-0.0764,0.2259
1308,亞洲聚合股份有限公司,TWSE,1308.TW,2026-09-24,0.4882,0.1249,0.0921,0.1377,-0.5601,0.1356,-0.13,0.4358,-0.0764
1309,台達化學工業股份有限公司,TWSE,1309.TW,2026-09-24,0.6282,-0.1516,0.1142,0.1673,-1.2897,0.1616,-0.129,0.5412,-0.0757
1310,台灣苯乙烯工業股份有限公司,TWSE,1310.TW,2026-09-24,0.9407,-0.5439,0.1636,0.5514,-0.7822,0.498,0.2556,-0.0254,0.1946
1312,國喬石油化學股份有限公司,TWSE,1312.TW,2026-09-24,0.7853,0.2522,0.139,0.5204,-0.0906,0.4709,0.3657,0.3201,0.272
1313,聯成化學科技股份有限公司,TWSE,1313.TW,2026-09-24,0.5858,-0.0133,0.1075,0.3305,-0.2611,0.3045,0.178,0.1247,0.1401
1314,中國石油化學工業開發(股)公司,TWSE,1314.TW,2026-09-24,0.6376,0.2464,0.1157,0.3623,-0.0595,0.3324,0.1465,0.1977,0.118
1315,達新工業股份有限公司,TWSE,1315.TW,2026-09-24,0.2148,0.4731,0.0489,0.1452,0.1936,0.1422,0.1562,0.0236,0.1248
1316,上曜建設開發股份有限公司,TWSE,1316.TW,2026-09-24,0.4545,0.0076,0.0868,0.242,-0.4561,0.227,0.2967,-0.54,0.2235
1319,東陽實業廠股份有限公司,TWSE,1319.TW,2026-09-24,0.2247,0.1435,0.0505,0.1613,0.0242,0.1563,0.3102,-0.2583,0.233
1321,大洋塑膠工業股份有限公司,TWSE,1321.TW,2026-09-24,0.1927,0.1586,0.0454,0.0689,-0.1189,0.0754,0.1286,-0.1949,0.1054
1323,永裕塑膠工業股份有限公司,TWSE,1323.TW,2026-09-24,0.0923,0.3651,0.0296,-0.0584,0.0163,-0.0362,-0.17,0.2954,-0.1045
1324,地球綜合工業股份有限公司,TWSE,1324.TW,2026-09-24,0.177,-0.2034,0.043,0.1153,-0.3677,0.116,0.0518,-0.0765,0.0514
1325,恒大股份有限公司,TWSE,1325.TW,2026-09-24,0.3782,0.2579,0.0747,0.2247,-0.3208,0.2118,0.2673,-0.2984,0.2029
1326,台灣化學纖維股份有限公司,TWSE,1326.TW,2026-09-24,0.9413,0.7787,0.1637,0.8458,0.3132,0.7559,0.8441,0.4643,0.6082
1337,亞洲塑膠再生資源控股有限公司,TWSE,1337.TW,2026-09-24,0.4287,-0.524,0.0827,0.2452,-0.8527,0.2298,0.0794,-0.1288,0.0708
1338,廣華控股有限公司,TWSE,1338.TW,2026-09-24,0.2164,-0.4817,0.0492,0.2234,-0.3339,0.2107,0.3254,-0.5943,0.2437
1339,昭輝實業股份有限公司,TWSE,1339.TW,2026-09-24,0.2449,0.0522,0.0537,0.0853,0.1781,0.0897,0.1728,0.0029,0.1364
1340,勝悅新材料有限公司,TWSE,1340.TW,2026-09-24,0.2311,-0.0673,0.0515,0.2575,-0.6942,0.2406,0.256,-0.6255,0.1949
1341,富林塑膠工業(開曼)控股(股)公司,TWSE,1341.TW,2026-09-24,0.1928,-0.0444,0.0455,0.1555,0.04,0.1512,0.1426,-0.0085,0.1152
1342,八貫企業股份有限公司,TWSE,1342.TW,2026-09-24,0.0854,-0.2367,0.0285,0.1052,0.3643,0.1072,0.1971,0.1472,0.1535
1402,遠東新世紀股份有限公司,TWSE,1402.TW,2026-09-24,0.063,0.1999,0.025,0.0511,0.2168,0.0598,0.1042,0.0325,0.0882
1409,新光合成纖維股份有限公司,TWSE,1409.TW,2026-09-24,0.6635,0.0021,0.1198,0.7068,0.614,0.6342,0.5842,0.3144,0.4256
1410,南洋染整股份有限公司,TWSE,1410.TW,2026-09-24,0.2335,-0.2346,0.0519,0.1348,-0.5944,0.1331,0.1449,-0.4433,0.1168
1413,宏洲纖維工業股份有限公司,TWSE,1413.TW,2026-09-24,0.2265,-0.0365,0.0508,0.1737,-0.2569,0.1672,0.1582,-0.2478,0.1262
1414,東和紡織股份有限公司,TWSE,1414.TW,2026-09-24,0.1717,-0.4259,0.0421,0.1275,0.0415,0.1267,0.1687,-0.1827,0.1336
1416,廣豐實業股份有限公司,TWSE,1416.TW,2026-09-24,0.1218,0.2007,0.0342,0.0933,0.0436,0.0967,0.1344,-0.0368,0.1095
1417,嘉裕股份有限公司,TWSE,1417.TW,2026-09-24,0.1724,-0.1257,0.0422,0.1461,-0.3112,0.143,0.1237,-0.0492,0.1019
1418,東華龍股份有限公司,TWSE,1418.TW,2026-09-24,0.1605,0.1337,0.0404,0.1218,-0.1115,0.1217,0.156,-0.2559,0.1246
1419,新光紡織股份有限公司,TWSE,1419.TW,2026-09-24,0.0743,0.1962,0.0267,0.1368,0.1569,0.1348,0.189,0.1339,0.1478
1423,利華羊毛工業股份有限公司,TWSE,1423.TW,2026-09-24,0.085,-0.3186,0.0284,0.0742,-0.1742,0.08,0.0949,-0.0669,0.0817
1432,大魯閣實業股份有限公司,TWSE,1432.TW,2026-09-24,0.1322,-0.0617,0.0359,0.1615,-0.1873,0.1565,0.1052,-0.0726,0.0889
1434,福懋興業股份有限公司,TWSE,1434.TW,2026-09-24,0.3732,0.3661,0.0739,0.3003,0.0059,0.2781,0.3312,0.0068,0.2478
1435,中福國際(股)公司,TWSE,1435.TW,2026-09-24,0.6585,-0.9947,0.119,0.3428,0.6522,0.3153,0.4745,-0.2545,0.3485
1436,華友聯開發股份有限公司,TWSE,1436.TW,2026-09-24,0.3512,-0.4474,0.0705,0.186,-0.7117,0.1779,0.2266,-0.7407,0.1742
1437,勤益投資控股股份有限公司,TWSE,1437.TW,2026-09-24,0.0807,0.3682,0.0277,0.0578,0.1185,0.0656,0.1056,0.0214,0.0892
1438,三地開發地產股份有限公司,TWSE,1438.TW,2026-09-24,0.2358,0.0847,0.0522,-0.069,-0.2343,-0.0454,0.1075,-0.515,0.0905
1439,雋揚國際股份有限公司,TWSE,1439.TW,2026-09-24,0.381,0.7177,0.0752,0.1896,-0.0478,0.1811,0.2088,-0.1388,0.1617
1440,臺南紡織股份有限公司,TWSE,1440.TW,2026-09-24,0.2944,0.1893,0.0615,0.4391,-0.1442,0.3997,0.405,-0.2028,0.2996
1441,大東紡織股份有限公司,TWSE,1441.TW,2026-09-23,0.0772,-0.1549,0.043,0.0555,-0.2082,0.0672,0.059,-0.2607,0.0552
1442,名軒開發股份有限公司,TWSE,1442.TW,2026-09-24,-0.0798,0.4582,0.0024,0.0127,0.3204,0.0261,0.2252,-0.4964,0.1733
1443,立益物流開發股份有限公司,TWSE,1443.TW,2026-09-24,0.1473,-0.5507,0.0383,0.265,-0.1197,0.2471,0.3152,-0.3968,0.2365
1444,力麗企業股份有限公司,TWSE,1444.TW,2026-09-24,0.3578,-1.2664,0.0715,0.2886,0.0501,0.2678,0.2844,-0.0732,0.2149
1445,大宇紡織股份有限公司,TWSE,1445.TW,2026-09-24,0.2647,-0.469,0.0568,0.221,-0.5868,0.2086,0.2508,-0.4849,0.1913
1446,宏和精密紡織股份有限公司,TWSE,1446.TW,2026-09-24,0.2814,-0.7579,0.0594,0.2049,-0.3674,0.1945,0.2948,-0.47,0.2222
1447,力鵬企業股份有限公司,TWSE,1447.TW,2026-09-24,0.5946,-1.0576,0.1089,0.4431,0.2151,0.4032,0.3769,-0.0569,0.2799
1449,佳和實業股份有限公司,TWSE,1449.TW,2026-09-24,0.4762,-0.5587,0.0902,0.527,-0.3337,0.4767,0.4784,-0.116,0.3512
1451,年興紡織股份有限公司,TWSE,1451.TW,2026-09-24,0.0803,0.0032,0.0277,0.0993,-0.0911,0.102,0.1607,-0.0904,0.1279
1452,宏益纖維工業股份有限公司,TWSE,1452.TW,2026-09-24,0.1978,0.031,0.0462,0.0932,-0.2464,0.0966,0.0925,-0.2649,0.08
1453,大將開發股份有限公司,TWSE,1453.TW,2026-09-24,0.2231,-0.0162,0.0502,0.1886,-0.3058,0.1802,0.1849,-0.2854,0.1449
1454,台灣富綢纖維股份有限公司,TWSE,1454.TW,2026-09-24,0.1883,-0.1238,0.0447,0.1677,-0.1888,0.1619,0.1903,-0.217,0.1487
1455,集盛實業股份有限公司,TWSE,1455.TW,2026-09-24,0.3409,0.0462,0.0688,0.1243,0.242,0.1239,0.1044,0.0891,0.0884
1456,怡華實業股份有限公司,TWSE,1456.TW,2026-09-24,0.1885,0.2319,0.0448,0.142,0.0008,0.1394,0.2204,0.1047,0.1699
1457,宜進實業股份有限公司,TWSE,1457.TW,2026-09-24,0.1307,0.0609,0.0356,0.0902,-0.1275,0.094,0.1479,-0.1717,0.1189
1459,聯發紡織纖維股份有限公司,TWSE,1459.TW,2026-09-24,0.1244,0.9899,0.0346,0.0722,0.4912,0.0782,0.1392,0.1785,0.1128
1460,宏遠興業股份有限公司,TWSE,1460.TW,2026-09-24,0.2073,-0.5627,0.0477,0.1657,-0.3704,0.1602,0.1589,-0.0223,0.1267
1463,強盛新投資控股股份有限公司,TWSE,1463.TW,2026-09-24,0.0227,0.0901,0.0186,-0.0231,0.0183,-0.0052,-0.0205,0.0042,0.0006
1464,得力實業股份有限公司,TWSE,1464.TW,2026-09-24,0.1209,-0.188,0.0341,0.1493,-0.1477,0.1458,0.1903,-0.2093,0.1487
1465,偉全實業股份有限公司,TWSE,1465.TW,2026-09-24,0.2079,-0.2676,0.0478,0.1617,-0.177,0.1566,0.1449,-0.2044,0.1168
1466,聚隆纖維股份有限公司,TWSE,1466.TW,2026-09-24,0.2842,-0.2741,0.0599,0.2344,-0.3259,0.2203,0.3614,-0.3324,0.269
1467,南緯實業股份有限公司,TWSE,1467.TW,2026-09-24,0.392,0.1192,0.0769,0.246,0.194,0.2305,0.2339,-0.022,0.1794
1468,昶和纖維興業股份有限公司,TWSE,1468.TW,2026-09-24,-0.3298,0.5483,-0.0371,-0.0363,0.3584,-0.0168,0.1522,-0.0229,0.122
1470,大統新創股份有限公司,TWSE,1470.TW,2026-09-24,0.2013,0.4513,0.0468,0.2454,0.0817,0.23,0.2766,-0.021,0.2094
1471,首利實業股份有限公司,TWSE,1471.TW,2026-09-24,0.3632,-0.5459,0.0724,0.4629,-0.8852,0.4205,0.5497,-0.2841,0.4013
1472,三洋實業股份有限公司,TWSE,1472.TW,2026-09-24,0.0648,0.0284,0.0252,0.0216,-0.0403,0.0339,0.0337,0.0297,0.0387
1473,台南企業股份有限公司,TWSE,1473.TW,2026-09-24,0.1186,-0.1726,0.0337,0.0828,-0.431,0.0875,0.1535,-0.3161,0.1229
1474,弘裕企業股份有限公司,TWSE,1474.TW,2026-09-24,0.1613,0.0468,0.0405,0.1042,-0.0001,0.1063,0.1184,-0.2096,0.0982
1475,台灣業旺股份有限公司,TWSE,1475.TW,2026-09-24,0.0279,-0.1002,0.0194,0.1095,-0.1563,0.1109,0.1661,-0.2515,0.1317
1476,儒鴻企業股份有限公司,TWSE,1476.TW,2026-09-24,-0.0659,-0.4473,0.0046,0.0883,-0.2584,0.0924,0.1876,-0.5276,0.1468
1477,聚陽實業股份有限公司,TWSE,1477.TW,2026-09-24,0.097,-0.5409,0.0303,0.1226,-0.3037,0.1224,0.1107,-0.3964,0.0928
1503,士林電機廠股份有限公司,TWSE,1503.TW,2026-09-24,0.9224,-0.8048,0.1607,0.9266,-0.4743,0.8267,1.0079,-0.4907,0.7233
1504,東元電機股份有限公司,TWSE,1504.TW,2026-09-24,0.8241,-0.0926,0.1452,0.9551,-0.4198,0.8517,1.0695,-0.9535,0.7666
1506,正道工業股份有限公司,TWSE,1506.TW,2026-09-24,0.0452,-0.1528,0.0221,0.057,-0.3099,0.0649,0.1397,-0.3993,0.1132
1512,瑞利企業股份有限公司,TWSE,1512.TW,2026-09-24,0.1174,-0.3989,0.0335,0.1011,-0.4902,0.1036,0.2219,-0.4181,0.1709
1513,中興電工機械股份有限公司,TWSE,1513.TW,2026-09-24,0.7153,-0.2008,0.128,0.6994,-0.1916,0.6277,0.7329,-0.3421,0.5301
1514,亞力電機股份有限公司,TWSE,1514.TW,2026-09-24,0.8286,-0.773,0.1459,0.902,-0.5803,0.8052,0.8996,-0.4764,0.6472
1515,力山工業股份有限公司,TWSE,1515.TW,2026-09-24,0.9506,-0.6242,0.1651,0.6221,0.2026,0.56,0.6318,-0.26,0.459
1516,川飛能源股份有限公司,TWSE,1516.TW,2026-09-24,0.4039,-1.5184,0.0788,0.2472,-1.0623,0.2315,0.1424,-0.1703,0.1151
1517,利奇機械工業股份有限公司,TWSE,1517.TW,2026-09-24,0.1161,0.0978,0.0333,0.1043,-0.1696,0.1064,0.1971,-0.1132,0.1535
1519,華城電機股份有限公司,TWSE,1519.TW,2026-09-24,0.9463,0.0654,0.1645,0.9581,-0.7899,0.8543,1.0149,-0.26,0.7282
1521,大億交通工業製造股份有限公司,TWSE,1521.TW,2026-09-24,0.1588,0.074,0.0401,0.1828,0.0435,0.1751,0.2309,-0.0879,0.1773
1522,堤維西交通工業股份有限公司,TWSE,1522.TW,2026-09-24,0.3823,-0.3581,0.0754,0.4039,-0.5675,0.3688,0.4118,-0.6557,0.3044
1524,耿鼎企業股份有限公司,TWSE,1524.TW,2026-09-24,0.3546,-0.5052,0.071,0.361,-0.4862,0.3312,0.3919,-0.2557,0.2904
1525,江申工業股份有限公司,TWSE,1525.TW,2026-09-24,-0.0149,-0.164,0.0126,0.1382,0.0285,0.1361,0.1523,-0.0847,0.122
1526,日馳企業股份有限公司,TWSE,1526.TW,2026-09-24,-0.4419,0.3579,-0.0548,-0.1105,-0.0842,-0.0818,0.0812,-0.1174,0.0721
1527,鑽全實業股份有限公司,TWSE,1527.TW,2026-09-24,0.1394,0.1017,0.037,0.0829,0.0205,0.0876,0.1244,-0.0281,0.1024
1528,恩德科技股份有限公司,TWSE,1528.TW,2026-09-24,0.7641,0.432,0.1357,0.6938,-0.4435,0.6228,0.6093,0.312,0.4432
1529,樂事綠能科技股份有限公司,TWSE,1529.TW,2026-09-24,0.5074,-1.0676,0.0951,0.5884,-1.0127,0.5304,0.6328,-0.6338,0.4597
1530,亞崴機電股份有限公司,TWSE,1530.TW,2026-09-24,0.2532,0.0592,0.055,0.1323,0.1383,0.1309,0.1676,-0.0177,0.1328
1531,高林股份有限公司,TWSE,1531.TW,2026-09-24,0.1315,-0.1178,0.0358,0.0617,-0.1194,0.069,0.1866,0.0021,0.1461
1532,勤美股份有限公司,TWSE,1532.TW,2026-09-24,0.11,0.0523,0.0324,0.094,0.0666,0.0973,0.2242,-0.3089,0.1726
1533,車王電子股份有限公司,TWSE,1533.TW,2026-09-24,0.3875,-0.7305,0.0762,0.3025,-0.1354,0.28,0.3656,-0.223,0.2719
1535,中宇環保工程股份有限公司,TWSE,1535.TW,2026-09-24,0.0342,-0.1232,0.0204,0.0456,-0.2012,0.0549,0.1005,-0.1875,0.0856
1536,和大工業股份有限公司,TWSE,1536.TW,2026-09-24,0.6381,-0.0976,0.1158,0.6552,-0.5408,0.589,0.7401,-0.7467,0.5351
1537,廣隆光電科技股份有限公司,TWSE,1537.TW,2026-09-24,0.0657,-0.1454,0.0254,0.0541,-0.087,0.0624,0.0613,-0.0872,0.0581
1538,正峰工業股份有限公司,TWSE,1538.TW,2026-09-23,-0.0999,-1.1142,-0.0104,0.0208,-0.808,0.0325,0.0764,-1.1846,0.0675
1539,巨庭機械股份有限公司,TWSE,1539.TW,2026-09-24,0.264,-0.0627,0.0567,0.2593,-0.3027,0.2421,0.3527,-0.363,0.2629
1540,喬福機械工業股份有限公司,TWSE,1540.TW,2026-09-24,0.4125,-0.4181,0.0802,0.3531,-0.4223,0.3243,0.4436,-0.4657,0.3268
1541,錩泰工業股份有限公司,TWSE,1541.TW,2026-09-23,0.345,-0.0737,0.1028,0.3553,-0.695,0.3148,0.3956,-0.4173,0.2871
1558,伸興工業股份有限公司,TWSE,1558.TW,2026-09-24,-0.0222,1.1446,0.0115,-0.0147,0.5542,0.0021,0.0529,0.2611,0.0522
1560,中國砂輪企業股份有限公司,TWSE,1560.TW,2026-09-24,1.5493,1.0094,0.2597,1.3268,0.6915,1.1773,1.2972,0.3744,0.9266
1563,巧新科技工業股份有限公司,TWSE,1563.TW,2026-09-24,0.5414,-0.1509,0.1005,0.5591,0.4348,0.5048,0.4773,-0.0057,0.3504
1568,倉佑實業股份有限公司,TWSE,1568.TW,2026-09-24,0.8102,-0.9215,0.143,1.0289,0.0091,0.9163,0.7839,-0.1107,0.5659
1582,信錦企業股份有限公司,TWSE,1582.TW,2026-09-24,0.7841,-0.7294,0.1388,0.5992,-1.178,0.5399,0.524,-0.1964,0.3833
1583,程泰機械股份有限公司,TWSE,1583.TW,2026-09-24,0.2102,0.1714,0.0482,0.2774,0.1612,0.258,0.2671,-0.1294,0.2027
1587,吉茂精密股份有限公司,TWSE,1587.TW,2026-09-24,0.4416,-0.6794,0.0848,0.3842,-1.1936,0.3516,0.5265,-0.9162,0.385
1589,永冠能源科技集團有限公司,TWSE,1589.TW,2026-09-23,0.0,0.0,0.015,0.0485,-0.25,0.0559,0.13,-1.4711,0.1044
1590,亞德客國際集團,TWSE,1590.TW,2026-09-24,0.5228,-0.4303,0.0976,0.5744,0.0434,0.5182,0.624,0.1658,0.4535
1597,直得科技股份有限公司,TWSE,1597.TW,2026-09-24,1.4902,-0.2576,0.2504,1.3614,0.0587,1.2076,1.1421,-0.0475,0.8176
1598,岱宇國際股份有限公司,TWSE,1598.TW,2026-09-24,0.1033,0.2982,0.0313,0.0761,0.1015,0.0817,0.1995,-0.1788,0.1552
1603,中華電線電纜股份有限公司,TWSE,1603.TW,2026-09-24,0.373,0.0028,0.0739,0.4427,-0.3305,0.4028,0.485,-0.5175,0.3558
1604,聲寶股份有限公司,TWSE,1604.TW,2026-09-24,0.0131,0.037,0.0171,0.0045,-0.0395,0.0189,0.0592,-0.0334,0.0566
1605,華新麗華股份有限公司,TWSE,1605.TW,2026-09-24,1.1444,0.0105,0.1958,1.3073,-0.5702,1.1602,1.3114,-0.3474,0.9366
1608,華榮電線電纜股份有限公司,TWSE,1608.TW,2026-09-24,0.6653,0.4533,0.1201,0.773,-0.1971,0.6921,0.7641,-0.2599,0.552
1609,大亞電線電纜股份有限公司,TWSE,1609.TW,2026-09-24,0.6617,-0.1339,0.1195,0.7743,-0.2287,0.6933,0.8029,-0.5197,0.5793
1611,中國電器股份有限公司,TWSE,1611.TW,2026-09-24,0.407,-0.6911,0.0793,0.3932,-0.4402,0.3594,0.4032,-0.3029,0.2984
1612,宏泰電工股份有限公司,TWSE,1612.TW,2026-09-24,0.3833,0.0131,0.0755,0.3873,-0.1436,0.3543,0.4061,-0.2437,0.3004
1614,台灣三洋電機股份有限公司,TWSE,1614.TW,2026-09-24,0.0577,-0.0171,0.0241,0.1481,-0.0828,0.1447,0.2003,-0.289,0.1558
1615,大山電線電纜股份有限公司,TWSE,1615.TW,2026-09-24,0.0637,0.0834,0.0251,0.1672,-0.1022,0.1615,0.3094,-0.2636,0.2324
1616,億泰電線電纜股份有限公司,TWSE,1616.TW,2026-09-24,0.4559,-0.6606,0.087,0.4826,-0.7393,0.4378,0.5168,-0.905,0.3782
1617,榮星電線工業股份有限公司,TWSE,1617.TW,2026-09-24,1.0602,-0.417,0.1825,0.8404,0.1235,0.7512,0.7182,-0.1315,0.5197
1618,合機電線電纜股份有限公司,TWSE,1618.TW,2026-09-24,0.4784,-0.0968,0.0906,0.5692,-0.3487,0.5136,0.6307,-0.5309,0.4582
1623,大東電業廠股份有限公司,TWSE,1623.TW,2026-09-24,0.5114,-0.3341,0.0958,0.5368,-0.1554,0.4852,0.594,-0.4258,0.4324
1626,艾美特(開曼)國際有限公司,TWSE,1626.TW,2026-09-24,0.3325,-0.806,0.0675,0.257,-0.2237,0.2401,0.2948,-0.3808,0.2222
1702,南僑投資控股股份有限公司,TWSE,1702.TW,2026-09-24,-0.0676,0.2285,0.0043,0.0029,-0.0867,0.0175,0.0618,-0.1726,0.0584
1707,葡萄王生技股份有限公司,TWSE,1707.TW,2026-09-24,-0.0077,-0.1787,0.0138,0.0313,-0.6204,0.0424,0.1019,-0.4187,0.0866
1708,東南實業股份有限公司,TWSE,1708.TW,2026-09-24,0.6765,0.0023,0.1219,0.3579,0.3802,0.3285,0.2255,0.5473,0.1735
1709,和益化學工業股份有限公司,TWSE,1709.TW,2026-09-24,0.8373,2.9909,0.1473,0.4763,1.7185,0.4322,0.3625,0.9157,0.2698
1710,東聯化學股份有限公司,TWSE,1710.TW,2026-09-24,0.9791,-0.4897,0.1696,0.7044,-0.154,0.6321,0.4914,0.0854,0.3603
1711,臺灣永光化學工業股份有限公司,TWSE,1711.TW,2026-09-24,1.3456,-0.6016,0.2275,1.0206,-0.6084,0.909,1.0665,0.1889,0.7645
1712,興農股份有限公司,TWSE,1712.TW,2026-09-24,-0.0818,0.0385,0.0021,-0.0427,-0.1408,-0.0224,-0.0163,-0.0293,0.0035
1713,國泰化工廠股份有限公司,TWSE,1713.TW,2026-09-24,0.2248,-0.4439,0.0505,0.2549,-0.272,0.2383,0.3224,-0.2944,0.2416
1714,和桐化學股份有限公司,TWSE,1714.TW,2026-09-24,0.9151,-0.7345,0.1595,0.5839,0.7969,0.5265,0.4694,0.5377,0.3449
1717,長興材料工業股份有限公司,TWSE,1717.TW,2026-09-24,1.2105,-0.0483,0.2062,1.0897,-0.4517,0.9696,1.1949,-0.0397,0.8547
1718,中國人造纖維股份有限公司,TWSE,1718.TW,2026-09-24,0.6831,-0.6182,0.1229,0.3532,0.6404,0.3244,0.2699,0.4455,0.2047
1720,生達化學製藥股份有限公司,TWSE,1720.TW,2026-09-24,-0.0053,0.0551,0.0142,0.0038,0.0063,0.0183,0.0561,0.1058,0.0544
1721,國慶科技股份有限公司,TWSE,1721.TW,2026-09-24,1.1132,-0.2206,0.1908,0.9376,0.1767,0.8363,0.8083,0.3376,0.5831
1722,台灣肥料股份有限公司,TWSE,1722.TW,2026-09-24,0.1583,-0.4156,0.04,0.0574,-0.1402,0.0653,0.0668,-0.171,0.0619
1723,中鋼碳素化學股份有限公司,TWSE,1723.TW,2026-09-24,0.081,0.1041,0.0278,0.0217,-0.0433,0.034,0.0079,0.0492,0.0206
1725,元禎企業股份有限公司,TWSE,1725.TW,2026-09-24,0.5199,0.0247,0.0971,0.6593,-0.0895,0.5925,0.5872,-0.0093,0.4277
1726,永記造漆工業股份有限公司,TWSE,1726.TW,2026-09-24,-0.0613,0.0931,0.0053,-0.0034,0.1421,0.012,0.0498,0.0308,0.05
1727,臺灣中華化學工業股份有限公司,TWSE,1727.TW,2026-09-24,1.3052,1.032,0.2212,1.1278,1.1119,1.003,1.0565,0.7622,0.7575
1730,花仙子企業股份有限公司,TWSE,1730.TW,2026-09-24,0.0507,0.0448,0.023,0.0477,0.0168,0.0568,0.054,0.002,0.0529
1731,美吾華股份有限公司,TWSE,1731.TW,2026-09-24,0.0851,0.0295,0.0284,0.0674,-0.0149,0.074,0.0802,-0.0365,0.0714
1732,毛寶股份有限公司,TWSE,1732.TW,2026-09-24,0.2074,0.0446,0.0478,0.1441,-0.0829,0.1412,0.2029,-0.2093,0.1576
1733,五鼎生物技術股份有限公司,TWSE,1733.TW,2026-09-24,0.0278,0.141,0.0194,0.0605,0.1047,0.068,0.1749,-0.2283,0.1379
1734,杏輝藥品工業股份有限公司,TWSE,1734.TW,2026-09-24,-0.0076,0.5554,0.0138,-0.0023,0.3812,0.013,0.0504,0.181,0.0504
1735,日勝化工股份有限公司,TWSE,1735.TW,2026-09-24,0.8863,-0.4308,0.155,0.799,-0.7711,0.7149,0.8654,-0.0803,0.6232
1736,喬山健康科技股份有限公司,TWSE,1736.TW,2026-09-24,0.1573,0.0896,0.0398,0.1788,0.1106,0.1716,0.3722,-0.4299,0.2766
1737,臺鹽實業股份有限公司,TWSE,1737.TW,2026-09-24,0.0147,-0.0475,0.0173,0.0055,-0.0266,0.0198,0.0305,-0.0468,0.0364
1752,南光化學製藥股份有限公司,TWSE,1752.TW,2026-09-24,0.0597,-0.0394,0.0244,0.0721,-0.2294,0.0782,0.1014,-0.2031,0.0863
1760,寶齡富錦生技股份有限公司,TWSE,1760.TW,2026-09-24,0.261,-0.5526,0.0562,0.1198,-0.4314,0.1199,0.1847,-0.3416,0.1448
1762,中化合成生技股份有限公司,TWSE,1762.TW,2026-09-24,0.3327,-0.3653,0.0675,0.1833,0.3193,0.1756,0.1333,0.2546,0.1087
1773,勝一化工股份有限公司,TWSE,1773.TW,2026-09-24,0.6876,-0.1657,0.1236,0.7214,-0.259,0.6469,0.7591,-0.226,0.5485
1776,展宇科技材料股份有限公司,TWSE,1776.TW,2026-09-24,0.2361,-0.4852,0.0523,0.287,0.1814,0.2664,0.2566,0.0752,0.1953
1783,和康生物科技股份有限公司,TWSE,1783.TW,2026-09-24,0.1669,-0.068,0.0414,0.1408,-0.3237,0.1383,0.2652,-0.3241,0.2014
1786,科妍生物科技股份有限公司,TWSE,1786.TW,2026-09-24,0.3166,-0.9553,0.065,0.0596,-0.6466,0.0672,0.2043,-0.9144,0.1586
1789,台灣神隆股份有限公司,TWSE,1789.TW,2026-09-24,0.3625,-0.4269,0.0723,0.2557,-0.5687,0.239,0.3489,-0.1804,0.2602
1795,美時化學製藥股份有限公司,TWSE,1795.TW,2026-09-24,0.4096,-0.2189,0.0797,0.3523,-0.6257,0.3236,0.5014,-0.6245,0.3674
1802,台灣玻璃工業股份有限公司,TWSE,1802.TW,2026-09-24,1.2735,-0.897,0.2161,1.3061,-0.7106,1.1591,1.4201,0.095,1.013
1805,寶徠建設股份有限公司,TWSE,1805.TW,2026-09-24,0.103,-0.127,0.0313,0.1452,-0.163,0.1422,0.1036,-0.1198,0.0878
1806,冠軍建材股份有限公司,TWSE,1806.TW,2026-09-24,0.1843,0.0115,0.0441,0.1043,-0.151,0.1064,0.1391,-0.2368,0.1128
1808,潤隆建設股份有限公司,TWSE,1808.TW,2026-09-24,0.2135,0.4773,0.0487,0.1498,0.1171,0.1462,0.2302,-0.0266,0.1768
1809,中國製釉股份有限公司,TWSE,1809.TW,2026-09-24,1.3374,-0.8253,0.2262,1.4107,0.2999,1.2508,1.2408,0.2667,0.887
1810,和成欣業股份有限公司,TWSE,1810.TW,2026-09-24,0.8468,0.6793,0.1488,0.569,0.4181,0.5134,0.5814,-0.0447,0.4236
1817,凱撒衛浴股份有限公司,TWSE,1817.TW,2026-09-24,0.037,0.1735,0.0208,0.0604,0.1422,0.0679,0.073,0.0312,0.0663
1903,士林紙業股份有限公司,TWSE,1903.TW,2026-09-24,0.0631,-0.0066,0.025,0.1614,-0.1883,0.1564,0.1888,-0.2146,0.1477
1904,正隆股份有限公司,TWSE,1904.TW,2026-09-24,0.0756,0.7817,0.0269,0.0719,0.6356,0.078,0.0966,0.3708,0.0829
1905,中華紙漿股份有限公司,TWSE,1905.TW,2026-09-24,0.3896,-0.8747,0.0765,0.3309,-0.4692,0.3049,0.1569,0.0955,0.1253
1906,寶隆國際股份有限公司,TWSE,1906.TW,2026-09-24,0.185,-0.1314,0.0442,0.1024,-0.2878,0.1047,0.0619,-0.2198,0.0585
1907,永豐餘投資控股股份有限公司,TWSE,1907.TW,2026-09-24,0.0209,0.3472,0.0183,0.0173,0.2689,0.0302,0.0529,0.1422,0.0522
1909,榮成紙業股份有限公司,TWSE,1909.TW,2026-09-24,0.1077,0.2612,0.032,0.0438,0.0331,0.0534,0.0755,0.001,0.0681
2002,中國鋼鐵股份有限公司,TWSE,2002.TW,2026-09-24,0.1427,0.0201,0.0375,0.2293,-0.2565,0.2159,0.2632,-0.2018,0.2
2006,東和鋼鐵企業股份有限公司,TWSE,2006.TW,2026-09-24,0.1055,1.1339,0.0317,0.1572,0.4049,0.1527,0.1638,0.3849,0.1301
2007,燁興企業股份有限公司,TWSE,2007.TW,2026-09-24,0.2638,-0.2002,0.0567,0.3671,-0.6218,0.3366,0.293,-0.3348,0.2209
2008,高興昌鋼鐵股份有限公司,TWSE,2008.TW,2026-09-24,0.1522,0.0967,0.039,0.2433,0.1343,0.2281,0.2778,-0.0052,0.2102
2009,第一伸銅科技股份有限公司,TWSE,2009.TW,2026-09-24,0.4878,0.0776,0.092,0.6134,-0.4967,0.5523,0.7765,-0.5025,0.5607
2010,春源鋼鐵工業股份有限公司,TWSE,2010.TW,2026-09-24,0.1523,0.121,0.0391,0.2316,-0.215,0.2179,0.2605,0.0268,0.1981
2012,春雨工廠股份有限公司,TWSE,2012.TW,2026-09-24,0.2366,-0.6565,0.0524,0.3058,-0.3826,0.2829,0.3277,-0.3732,0.2453
2013,中國鋼鐵結構股份有限公司,TWSE,2013.TW,2026-09-24,0.0971,-0.0389,0.0303,0.1069,-0.1003,0.1086,0.1337,-0.0508,0.109
2014,中鴻鋼鐵股份有限公司,TWSE,2014.TW,2026-09-24,0.2519,-0.0731,0.0548,0.3504,-0.4388,0.322,0.3742,-0.1477,0.278
2015,豐興鋼鐵股份有限公司,TWSE,2015.TW,2026-09-24,-0.0633,0.2589,0.005,0.0816,0.0419,0.0865,0.1897,-0.0717,0.1483
2017,官田鋼鐵股份有限公司,TWSE,2017.TW,2026-09-24,0.2938,-0.1049,0.0614,0.3198,-0.4371,0.2951,0.3057,-0.228,0.2298
2020,美亞鋼管廠股份有限公司,TWSE,2020.TW,2026-09-24,0.0479,0.1366,0.0226,0.0538,-0.128,0.0621,0.113,-0.0893,0.0944
2022,聚亨企業股份有限公司,TWSE,2022.TW,2026-09-24,0.2462,-0.4957,0.0539,0.3023,-0.6936,0.2798,0.2861,-0.2619,0.2161
2023,燁輝企業股份有限公司,TWSE,2023.TW,2026-09-24,0.0081,0.0284,0.0163,0.0394,-0.1463,0.0495,0.0513,-0.1828,0.0511
2024,志聯工業股份有限公司,TWSE,2024.TW,2026-09-24,0.0072,-0.2962,0.0161,-0.0163,-0.2168,0.0007,0.0981,-0.2916,0.0839
2025,千興不銹鋼(股)公司,TWSE,2025.TW,2026-09-24,0.2521,-0.006,0.0548,0.2809,0.1752,0.2611,0.2587,0.1225,0.1968
2027,大成不銹鋼工業股份有限公司,TWSE,2027.TW,2026-09-24,0.2729,0.7649,0.0581,0.3064,0.3241,0.2834,0.2701,0.1277,0.2048
2028,威致鋼鐵工業股份有限公司,TWSE,2028.TW,2026-09-24,0.2374,0.1063,0.0525,0.2712,-0.3977,0.2526,0.2965,-0.1853,0.2234
2029,盛餘股份有限公司,TWSE,2029.TW,2026-09-24,0.0992,0.2847,0.0307,0.1068,0.097,0.1086,0.1616,-0.1072,0.1286
2030,彰源企業股份有限公司,TWSE,2030.TW,2026-09-24,0.2707,2.2126,0.0578,0.3033,1.2164,0.2807,0.3029,0.6895,0.2279
2031,新光鋼鐵股份有限公司,TWSE,2031.TW,2026-09-24,0.1467,0.8761,0.0382,0.172,0.3133,0.1657,0.2417,0.0206,0.1849
2032,新鋼工業股份有限公司,TWSE,2032.TW,2026-09-24,0.3224,0.5538,0.0659,0.3849,-0.0192,0.3522,0.3245,0.0953,0.2431
2033,佳大世界股份有限公司,TWSE,2033.TW,2026-09-24,0.5066,3.675,0.095,0.2701,1.6905,0.2516,0.2518,0.5402,0.192
2034,允強實業股份有限公司,TWSE,2034.TW,2026-09-24,0.235,0.7462,0.0521,0.2283,0.1823,0.215,0.2408,0.0629,0.1842
2038,海光企業股份有限公司,TWSE,2038.TW,2026-09-24,0.314,-0.1911,0.0646,0.3742,-0.7446,0.3428,0.3109,-0.3894,0.2335
2049,上銀科技股份有限公司,TWSE,2049.TW,2026-09-24,1.1805,-0.2884,0.2015,1.0968,-0.0463,0.9758,0.947,-0.1144,0.6805
2059,川湖科技股份有限公司,TWSE,2059.TW,2026-09-24,1.1119,2.0994,0.1906,1.0809,2.0664,0.9619,1.0853,0.8909,0.7777
2062,橋椿金屬股份有限公司,TWSE,2062.TW,2026-09-24,0.2527,-0.0254,0.0549,0.2327,-0.3286,0.2188,0.3195,-0.3433,0.2395
2069,運錩鋼鐵股份有限公司,TWSE,2069.TW,2026-09-24,0.1639,1.5032,0.0409,0.1758,0.6996,0.169,0.2247,0.5101,0.1729
2072,世紀能源設備股份有限公司,TWSE,2072.TW,2026-09-24,0.439,-0.4948,0.0843,0.2679,-0.6156,0.2497,0.2907,-0.839,0.2193
2101,南港輪胎股份有限公司,TWSE,2101.TW,2026-09-24,0.2241,-0.1099,0.0504,0.1805,-0.5699,0.1731,0.2302,-0.3466,0.1768
2102,泰豐輪胎股份有限公司,TWSE,2102.TW,2026-09-24,0.1386,-0.4666,0.0369,0.1232,-0.5363,0.1229,0.2374,-0.2837,0.1818
2103,台橡股份有限公司,TWSE,2103.TW,2026-09-24,0.5997,1.3111,0.1097,0.3255,0.6621,0.3001,0.3058,0.4756,0.2299
2104,國際中橡投資控股股份有限公司,TWSE,2104.TW,2026-09-24,0.4257,0.3447,0.0822,0.3624,-0.4572,0.3325,0.3896,-0.1731,0.2888
2105,正新橡膠工業股份有限公司,TWSE,2105.TW,2026-09-24,-0.0676,0.034,0.0043,0.0207,0.0284,0.0331,0.0277,-0.1798,0.0345
2106,建大工業股份有限公司,TWSE,2106.TW,2026-09-24,-0.0378,-0.0202,0.009,0.0202,-0.1599,0.0327,0.1239,-0.2362,0.1021
2107,厚生股份有限公司,TWSE,2107.TW,2026-09-24,0.1136,0.1777,0.0329,0.1367,0.1258,0.1347,0.1672,0.0702,0.1325
2108,南帝化學工業股份有限公司,TWSE,2108.TW,2026-09-24,0.4935,0.161,0.0929,0.3177,0.0343,0.2933,0.3453,0.0861,0.2577
2109,華豐橡膠工業股份有限公司,TWSE,2109.TW,2026-09-24,0.1524,0.0781,0.0391,0.1062,-0.0384,0.108,0.1133,-0.0906,0.0946
2114,鑫永銓股份有限公司,TWSE,2114.TW,2026-09-24,0.1136,0.0268,0.0329,0.105,0.0771,0.107,0.1045,-0.0217,0.0884
2115,六暉控股股份有限公司,TWSE,2115.TW,2026-09-24,0.1474,0.5638,0.0383,0.0764,0.3008,0.0819,0.1287,-0.1217,0.1054
2201,裕隆汽車製造股份有限公司,TWSE,2201.TW,2026-09-24,0.2388,0.4292,0.0527,0.2438,0.0114,0.2286,0.27,-0.2789,0.2047
2204,中華汽車工業股份有限公司,TWSE,2204.TW,2026-09-24,0.2003,-0.0452,0.0466,0.1584,-0.0969,0.1538,0.216,-0.251,0.1668
2206,三陽工業股份有限公司,TWSE,2206.TW,2026-09-24,-0.0145,0.373,0.0127,-0.0092,0.2295,0.0069,0.0275,0.0564,0.0343
2207,和泰汽車股份有限公司,TWSE,2207.TW,2026-09-24,0.0374,0.4227,0.0209,0.1208,0.1238,0.1208,0.2249,-0.2262,0.1731
2208,台灣國際造船股份有限公司,TWSE,2208.TW,2026-09-24,0.5587,0.1423,0.1032,0.4731,-0.4258,0.4294,0.5418,-0.5016,0.3958
2211,長榮鋼鐵股份有限公司,TWSE,2211.TW,2026-09-24,0.0454,-0.4014,0.0222,0.1375,-0.4162,0.1355,0.1658,-0.219,0.1315
2227,裕隆日產汽車股份有限公司,TWSE,2227.TW,2026-09-24,0.0896,-0.3266,0.0292,0.1458,-0.2808,0.1427,0.2012,-0.322,0.1564
2228,劍麟股份有限公司,TWSE,2228.TW,2026-09-24,0.2925,-0.3637,0.0612,0.3404,-0.4605,0.3132,0.3991,-0.5491,0.2955
2231,為升電裝工業股份有限公司,TWSE,2231.TW,2026-09-24,0.7646,-0.7273,0.1358,0.7233,-0.9408,0.6486,0.6422,-0.5695,0.4663
2233,宇隆科技股份有限公司,TWSE,2233.TW,2026-09-24,1.3041,-1.3998,0.221,1.1578,-1.3155,1.0292,1.0618,-0.7475,0.7612
2236,百達精密工業股份有限公司,TWSE,2236.TW,2026-09-24,0.1635,-1.6024,0.0408,0.3439,-0.2761,0.3163,0.3441,-0.1438,0.2568
2237,華德動能科技股份有限公司,TWSE,2237.TW,2026-09-24,0.0223,-1.5386,0.0185,0.1162,-0.2597,0.1168,0.131,-0.0642,0.1071
2239,開曼英利工業股份有限公司,TWSE,2239.TW,2026-09-24,0.1624,-0.5541,0.0407,0.2237,-0.5722,0.211,0.2112,-0.7213,0.1634
2241,艾姆勒科技股份有限公司,TWSE,2241.TW,2026-09-24,0.6619,-0.0033,0.1195,0.2668,0.8852,0.2487,0.3711,0.3128,0.2758
2243,宏旭控股股份有限公司,TWSE,2243.TW,2026-09-24,0.8156,-0.7931,0.1438,0.559,1.7779,0.5047,0.5761,1.335,0.4199
2247,汎德永業汽車股份有限公司,TWSE,2247.TW,2026-09-24,0.0712,-0.1194,0.0262,0.0693,-0.0194,0.0757,0.18,-0.308,0.1415
2248,華勝汽車電子股份有限公司,TWSE,2248.TW,2026-09-24,0.3491,0.6767,0.0701,0.2003,0.5115,0.1905,0.1976,0.333,0.1539
2250,第一化成控股(開曼)股份有限公司,TWSE,2250.TW,2026-09-24,0.5963,-0.5636,0.1092,0.5366,-0.4166,0.4851,0.5899,-0.782,0.4296
2254,巨鎧精密工業股份有限公司,TWSE,2254.TW,2026-09-24,-0.0312,1.7273,0.0101,0.0257,0.6114,0.0375,0.0777,0.4035,0.0696
2258,鴻華先進科技股份有限公司,TWSE,2258.TW,2026-09-24,0.2497,-0.3568,0.0544,0.4145,-0.0695,0.3781,0.511,-0.5608,0.3741
2301,光寶科技股份有限公司,TWSE,2301.TW,2026-09-24,1.2456,1.1741,0.2117,1.3664,0.4813,1.212,1.3618,-0.1781,0.972
2302,麗正國際科技股份有限公司,TWSE,2302.TW,2026-09-24,1.3388,-0.3411,0.2265,1.1145,1.3619,0.9913,1.1013,0.4614,0.789
2303,聯華電子股份有限公司,TWSE,2303.TW,2026-09-24,1.7904,-0.3388,0.2978,1.5591,1.186,1.3808,1.2188,0.6504,0.8715
2305,全友電腦股份有限公司,TWSE,2305.TW,2026-09-24,1.1196,2.3657,0.1918,1.019,2.3208,0.9076,0.9881,1.352,0.7094
2308,台達電子工業股份有限公司,TWSE,2308.TW,2026-09-24,1.4667,-0.2431,0.2467,1.5347,-0.5581,1.3594,1.6251,-0.1441,1.1571
2312,金寶電子工業股份有限公司,TWSE,2312.TW,2026-09-24,1.0944,-0.6049,0.1879,1.162,-0.0693,1.0329,1.0404,-0.0431,0.7462
2313,華通電腦股份有限公司,TWSE,2313.TW,2026-09-24,1.5974,0.0555,0.2673,1.2736,-1.1344,1.1307,1.2972,0.5536,0.9266
2314,台揚科技股份有限公司,TWSE,2314.TW,2026-09-24,0.3957,-1.1394,0.0775,0.0707,-0.7829,0.0769,0.2595,-0.8324,0.1974
2316,楠梓電子股份有限公司,TWSE,2316.TW,2026-09-24,1.366,-1.2907,0.2308,1.1811,0.2285,1.0496,1.262,-0.1276,0.9019
2317,鴻海精密工業股份有限公司,TWSE,2317.TW,2026-09-24,0.8995,0.0701,0.1571,0.9304,-0.1413,0.83,1.0147,-0.485,0.7281
2321,東訊股份有限公司,TWSE,2321.TW,2026-09-23,-0.2452,0.1844,-0.0474,-0.0976,0.0605,-0.0673,-0.1323,-0.0213,-0.076
2323,中環股份有限公司,TWSE,2323.TW,2026-09-24,0.7687,-0.1692,0.1364,0.8959,-0.709,0.7998,0.8918,-0.327,0.6417
2324,仁寶電腦工業股份有限公司,TWSE,2324.TW,2026-09-24,0.5304,0.2505,0.0988,0.7984,0.056,0.7144,0.7199,-0.2758,0.5209
2327,國巨股份有限公司,TWSE,2327.TW,2026-09-24,1.9512,-2.7806,0.3232,1.7766,0.6249,1.5713,1.628,0.4242,1.1591
2328,廣宇科技股份有限公司,TWSE,2328.TW,2026-09-24,0.9375,-0.4982,0.1631,1.0352,-0.6497,0.9218,1.0282,-0.7682,0.7376
2329,華泰電子股份有限公司,TWSE,2329.TW,2026-09-24,1.2118,-0.854,0.2064,1.2749,-1.2132,1.1318,1.3387,-0.7551,0.9558
2330,台灣積體電路製造股份有限公司,TWSE,2330.TW,2026-09-24,0.9936,-0.1525,0.1719,1.0068,-0.1682,0.897,1.0742,-0.0287,0.7699
2331,精英電腦股份有限公司,TWSE,2331.TW,2026-09-24,0.6956,-0.4654,0.1249,0.8145,-0.8552,0.7285,0.8786,-0.6193,0.6325
2332,友訊科技股份有限公司,TWSE,2332.TW,2026-09-24,0.5753,0.7351,0.1059,0.5112,0.3254,0.4628,0.6245,-0.1655,0.4539
2337,旺宏電子股份有限公司,TWSE,2337.TW,2026-09-24,1.4576,-0.809,0.2452,1.3273,-1.0381,1.1777,1.5302,0.9524,1.0904
2338,台灣光罩股份有限公司,TWSE,2338.TW,2026-09-24,1.1676,-0.5219,0.1994,1.1824,-0.6767,1.0508,1.2692,-0.5373,0.907
2340,台亞半導體股份有限公司,TWSE,2340.TW,2026-09-24,1.2499,-0.1007,0.2124,1.3258,-0.2938,1.1764,1.175,-0.4153,0.8408
2342,台灣茂矽電子股份有限公司,TWSE,2342.TW,2026-09-24,1.4765,-0.544,0.2482,1.5229,0.038,1.3491,1.4206,-0.3365,1.0134
2344,華邦電子股份有限公司,TWSE,2344.TW,2026-09-24,1.6807,-0.3921,0.2805,1.647,0.2169,1.4578,1.6949,0.9481,1.2061
2345,智邦科技股份有限公司,TWSE,2345.TW,2026-09-24,1.5091,-1.4427,0.2534,1.5415,-0.7597,1.3654,1.508,-0.1721,1.0748
2347,聯強國際股份有限公司,TWSE,2347.TW,2026-09-24,0.6286,0.1887,0.1143,0.465,0.1614,0.4223,0.4692,0.1951,0.3447
2348,海悅國際開發股份有限公司,TWSE,2348.TW,2026-09-24,0.2837,0.5429,0.0598,0.1146,-0.0139,0.1154,0.2568,-0.1977,0.1955
2349,錸德科技股份有限公司,TWSE,2349.TW,2026-09-24,0.7067,-0.965,0.1266,0.8788,-1.1614,0.7848,0.867,-0.4609,0.6243
2351,順德工業股份有限公司,TWSE,2351.TW,2026-09-24,1.2146,0.4148,0.2068,1.1755,0.9669,1.0447,1.0793,0.5526,0.7735
2352,佳世達科技股份有限公司,TWSE,2352.TW,2026-09-24,0.5143,-0.3341,0.0962,0.6304,0.0733,0.5672,0.6253,-0.5831,0.4544
2353,宏碁股份有限公司,TWSE,2353.TW,2026-09-24,0.5856,-0.0959,0.1075,0.7603,-0.1578,0.681,0.6326,-0.307,0.4596
2354,鴻準精密工業股份有限公司,TWSE,2354.TW,2026-09-24,0.5774,0.8436,0.1062,0.6346,0.0999,0.5709,0.7324,-0.4992,0.5297
2355,敬鵬工業股份有限公司,TWSE,2355.TW,2026-09-24,1.0309,-0.9238,0.1778,0.9025,-1.0547,0.8056,0.8556,-0.2507,0.6163
2356,英業達股份有限公司,TWSE,2356.TW,2026-09-24,0.6965,-0.3478,0.125,0.9648,0.1628,0.8602,0.9523,-0.2383,0.6843
2357,華碩電腦股份有限公司,TWSE,2357.TW,2026-09-24,0.8361,1.5424,0.1471,0.8229,0.6618,0.7359,0.7797,-0.0467,0.563
2359,所羅門股份有限公司,TWSE,2359.TW,2026-09-24,0.6165,-0.0338,0.1124,0.7687,-0.1115,0.6884,0.871,-0.5821,0.6271
2360,致茂電子股份有限公司,TWSE,2360.TW,2026-09-24,1.4984,0.0356,0.2517,1.3742,-0.0976,1.2188,1.496,0.6461,1.0664
2362,藍天電腦股份有限公司,TWSE,2362.TW,2026-09-24,0.3909,0.6581,0.0767,0.5265,0.2171,0.4762,0.5449,-0.1271,0.3979
2363,矽統科技股份有限公司,TWSE,2363.TW,2026-09-24,1.4074,-0.9814,0.2373,1.395,-0.5237,1.237,1.2497,-0.6681,0.8933
2364,倫飛電腦實業股份有限公司,TWSE,2364.TW,2026-09-24,0.6523,0.3792,0.118,0.5837,-0.1828,0.5263,0.4741,-0.2808,0.3482
2365,昆盈企業股份有限公司,TWSE,2365.TW,2026-09-24,0.9462,-0.8653,0.1645,0.8562,-0.8162,0.765,0.8757,-0.932,0.6304
2367,燿華電子股份有限公司,TWSE,2367.TW,2026-09-24,1.3045,-1.1077,0.221,1.0125,-1.8606,0.902,0.965,0.0035,0.6932
2368,金像電子(股)公司,TWSE,2368.TW,2026-09-24,1.584,-0.3783,0.2652,1.4663,-0.5902,1.2995,1.4754,0.2287,1.0519
2369,菱生精密工業股份有限公司,TWSE,2369.TW,2026-09-24,1.3395,-0.8802,0.2266,1.3615,-0.8094,1.2077,1.3148,-0.1609,0.939
2371,大同股份有限公司,TWSE,2371.TW,2026-09-24,0.5957,0.2345,0.1091,0.5986,-0.6607,0.5394,0.6315,-0.7024,0.4588
2373,震旦行股份有限公司,TWSE,2373.TW,2026-09-24,0.0377,-0.138,0.021,0.1049,-0.071,0.1069,0.1433,-0.1068,0.1157
2374,佳能企業股份有限公司,TWSE,2374.TW,2026-09-24,0.865,-0.3866,0.1516,0.8427,-0.6083,0.7532,0.8947,-0.7973,0.6438
2375,凱美電機股份有限公司,TWSE,2375.TW,2026-09-24,1.5864,-2.8556,0.2656,1.4293,0.0675,1.2671,1.2982,-0.2719,0.9273
2376,技嘉科技股份有限公司,TWSE,2376.TW,2026-09-24,0.7743,0.3939,0.1373,0.9688,0.3021,0.8637,0.9288,-0.3179,0.6677
2377,微星科技股份有限公司,TWSE,2377.TW,2026-09-24,0.6774,0.2895,0.122,0.6979,0.7356,0.6264,0.6329,-0.0324,0.4598
2379,瑞昱半導體股份有限公司,TWSE,2379.TW,2026-09-24,0.2396,-0.2194,0.0528,0.5668,0.6368,0.5115,0.4861,0.1452,0.3566
2380,虹光精密工業股份有限公司,TWSE,2380.TW,2026-09-24,0.3944,-0.9479,0.0773,0.3204,-0.3939,0.2957,0.2181,-0.0829,0.1683
2382,廣達電腦股份有限公司,TWSE,2382.TW,2026-09-24,0.7212,-0.2639,0.1289,0.7829,-0.1341,0.7008,0.7865,-0.2622,0.5677
2383,台光電子材料股份有限公司,TWSE,2383.TW,2026-09-24,1.5868,-0.3835,0.2656,1.5607,0.1095,1.3822,1.5961,0.5778,1.1367
2385,群光電子股份有限公司,TWSE,2385.TW,2026-09-24,0.335,-0.1307,0.0679,0.3812,-0.4868,0.3489,0.3512,-0.4467,0.2618
2387,精元電腦股份有限公司,TWSE,2387.TW,2026-09-24,0.2402,-0.5362,0.0529,0.2975,-0.3985,0.2756,0.3141,-0.2119,0.2357
2388,威盛電子股份有限公司,TWSE,2388.TW,2026-09-24,0.9869,-0.0427,0.1709,0.9892,0.0176,0.8815,0.9774,-0.2686,0.7019
2390,云辰電子開發股份有限公司,TWSE,2390.TW,2026-09-24,0.6222,-0.8077,0.1133,0.5666,-0.4223,0.5113,0.5149,-0.3136,0.3769
2392,正崴精密工業股份有限公司,TWSE,2392.TW,2026-09-24,0.5979,0.6188,0.1094,0.6281,0.0597,0.5652,0.6865,-0.4827,0.4975
2393,億光電子工業股份有限公司,TWSE,2393.TW,2026-09-24,0.4442,-0.1067,0.0852,0.3607,-0.2763,0.331,0.3513,-0.1136,0.2619
2395,研華股份有限公司,TWSE,2395.TW,2026-09-24,0.7871,1.5975,0.1393,0.9244,1.0367,0.8248,0.8939,0.3397,0.6432
2397,友通資訊股份有限公司,TWSE,2397.TW,2026-09-24,0.6865,0.3245,0.1234,0.6392,-0.092,0.5749,0.6442,-0.4723,0.4677
2399,映泰股份有限公司,TWSE,2399.TW,2026-09-24,1.1584,-0.1543,0.198,1.1956,-0.0796,1.0623,1.115,0.4392,0.7986
2401,凌陽科技股份有限公司,TWSE,2401.TW,2026-09-24,1.0933,-0.8814,0.1877,1.0659,-0.2105,0.9487,1.0439,-0.5045,0.7486
2402,毅嘉科技股份有限公司,TWSE,2402.TW,2026-09-24,0.9051,-0.7623,0.158,1.007,-0.5987,0.8971,1.0711,-0.4836,0.7677
2404,漢唐集成股份有限公司,TWSE,2404.TW,2026-09-24,1.1765,0.0456,0.2008,1.0073,0.2694,0.8974,0.9617,-0.1282,0.6909
2405,輔信科技股份有限公司,TWSE,2405.TW,2026-09-24,0.7094,-0.5982,0.127,0.8058,-0.6398,0.7209,0.7353,-0.6722,0.5318
2406,國碩科技工業股份有限公司,TWSE,2406.TW,2026-09-24,1.4329,-1.2323,0.2413,1.2855,-0.9386,1.1411,1.0876,-0.1231,0.7793
2408,南亞科技股份有限公司,TWSE,2408.TW,2026-09-24,1.7059,0.8525,0.2844,1.7595,0.8039,1.5563,1.8153,1.1602,1.2907
2409,友達光電股份有限公司,TWSE,2409.TW,2026-09-24,0.93,0.5769,0.1619,1.1477,0.7973,1.0204,1.0888,0.4223,0.7802
2412,中華電信股份有限公司,TWSE,2412.TW,2026-09-24,-0.0969,0.2845,-0.0003,-0.0509,0.2996,-0.0296,0.0069,0.1208,0.0198
2413,環隆科技股份有限公司,TWSE,2413.TW,2026-09-24,1.2349,0.2595,0.2101,0.7887,-0.3747,0.7059,0.9835,0.4544,0.7062
2414,精技電腦股份有限公司,TWSE,2414.TW,2026-09-24,0.4405,-0.248,0.0846,0.3888,0.274,0.3556,0.3873,0.043,0.2872
2415,錩新科技股份有限公司,TWSE,2415.TW,2026-09-24,0.721,-0.8151,0.1289,0.4575,-0.2757,0.4158,0.4529,-0.0642,0.3333
2417,圓剛科技股份有限公司,TWSE,2417.TW,2026-09-24,0.6766,-0.4662,0.1219,0.793,-0.2624,0.7097,0.7872,-0.498,0.5682
2419,仲琦科技股份有限公司,TWSE,2419.TW,2026-09-24,0.7939,0.1001,0.1404,0.7893,-0.8717,0.7064,0.8727,-0.2374,0.6283
2420,新巨企業股份有限公司,TWSE,2420.TW,2026-09-24,0.4029,-0.334,0.0786,0.4488,-0.1203,0.4081,0.4544,-0.1669,0.3343
2421,建準電機工業股份有限公司,TWSE,2421.TW,2026-09-24,0.9337,0.5426,0.1625,0.9204,0.0146,0.8213,1.0479,-0.252,0.7514
2423,固緯電子實業股份有限公司,TWSE,2423.TW,2026-09-24,0.7895,-0.0918,0.1397,0.6946,0.4749,0.6235,0.6202,-0.0269,0.4509
2424,隴華電子股份有限公司,TWSE,2424.TW,2026-09-24,0.6917,-0.8108,0.1243,0.3121,-2.3614,0.2884,0.2972,-2.0011,0.2239
2425,承啟科技股份有限公司,TWSE,2425.TW,2026-09-24,0.5899,-0.605,0.1082,0.7815,0.2327,0.6996,0.7983,-0.2315,0.576
2426,鼎元光電科技股份有限公司,TWSE,2426.TW,2026-09-24,1.5646,1.4039,0.2621,1.4516,1.1593,1.2866,1.1695,1.2856,0.8369
2427,三商電腦股份有限公司,TWSE,2427.TW,2026-09-24,0.3446,0.4064,0.0694,0.2572,-0.0732,0.2403,0.3521,-0.3012,0.2624
2428,興勤電子工業股份有限公司,TWSE,2428.TW,2026-09-24,1.2206,-0.6363,0.2078,0.9248,0.5363,0.8251,0.9272,-0.0829,0.6666
2429,銘旺科技股份有限公司,TWSE,2429.TW,2026-09-24,1.1821,-1.8685,0.2017,1.1064,-1.2227,0.9842,1.0807,-1.9442,0.7745
2430,燦坤實業股份有限公司,TWSE,2430.TW,2026-09-24,0.0691,0.0067,0.0259,0.1668,-0.5011,0.1611,0.1412,-0.3612,0.1142
2431,聯昌電子企業股份有限公司,TWSE,2431.TW,2026-09-24,0.3452,-0.5359,0.0695,0.4398,-0.6434,0.4003,0.5668,-0.6158,0.4133
2432,倚天酷碁股份有限公司,TWSE,2432.TW,2026-09-24,0.2767,-0.2007,0.0587,0.2024,0.0297,0.1923,0.312,-0.1329,0.2343
2433,互盛股份有限公司,TWSE,2433.TW,2026-09-24,0.0723,-0.2142,0.0264,0.0705,-0.1934,0.0768,0.0724,-0.1932,0.0659
2434,統懋半導體股份有限公司,TWSE,2434.TW,2026-09-24,1.1268,1.6317,0.193,0.9449,1.2337,0.8427,0.6169,0.6197,0.4485
2436,偉詮電子股份有限公司,TWSE,2436.TW,2026-09-24,1.2515,0.0525,0.2127,1.1894,-0.4115,1.0569,1.1595,-0.3028,0.8299
2438,翔耀實業股份有限公司,TWSE,2438.TW,2026-09-24,0.666,-0.3254,0.1202,0.5187,-0.6209,0.4694,0.5205,-0.4555,0.3808
2439,美律實業股份有限公司,TWSE,2439.TW,2026-09-24,0.2939,-0.3795,0.0614,0.3106,-0.2857,0.2871,0.3783,-0.4446,0.2809
2440,太空梭高傳真資訊科技(股)公司,TWSE,2440.TW,2026-09-24,0.7745,-0.6945,0.1373,0.622,-0.4076,0.5599,0.553,-0.1454,0.4036
2441,超豐電子股份有限公司,TWSE,2441.TW,2026-09-24,1.5029,-0.3641,0.2524,1.3363,-0.1255,1.1856,1.3017,-0.0024,0.9298
2442,新美齊股份有限公司,TWSE,2442.TW,2026-09-24,0.2304,-0.5049,0.0514,0.1353,-0.4614,0.1335,0.2444,-0.5174,0.1868
2444,兆勁科技股份有限公司,TWSE,2444.TW,2026-09-24,0.7404,0.645,0.1319,0.4878,0.0566,0.4423,0.4556,0.0584,0.3352
2449,京元電子股份有限公司,TWSE,2449.TW,2026-09-24,1.6941,-0.0588,0.2826,1.4904,-0.5696,1.3206,1.6244,-0.1608,1.1566
2450,神腦國際企業股份有限公司,TWSE,2450.TW,2026-09-24,0.0492,-0.0946,0.0228,0.1226,-0.0537,0.1224,0.1303,-0.0447,0.1066
2451,創見資訊股份有限公司,TWSE,2451.TW,2026-09-24,0.7805,0.5449,0.1383,0.9052,-0.1263,0.808,1.0196,0.5778,0.7315
2453,凌群電腦股份有限公司,TWSE,2453.TW,2026-09-24,0.4661,0.0092,0.0886,0.4721,-0.2138,0.4286,0.504,-0.4194,0.3692
2454,聯發科技股份有限公司,TWSE,2454.TW,2026-09-24,1.6443,0.7838,0.2747,1.8318,1.3757,1.6197,1.5108,0.601,1.0768
2455,全新光電科技股份有限公司,TWSE,2455.TW,2026-09-24,1.7097,1.886,0.285,1.3965,0.7534,1.2383,1.4167,0.6478,1.0106
2457,飛宏科技股份有限公司,TWSE,2457.TW,2026-09-24,0.927,-1.1559,0.1614,1.0121,-0.9436,0.9016,0.9969,-0.636,0.7156
2458,義隆電子股份有限公司,TWSE,2458.TW,2026-09-24,0.646,-1.061,0.117,0.7531,-0.2662,0.6747,0.6922,-0.2597,0.5015
2459,敦吉科技股份有限公司,TWSE,2459.TW,2026-09-24,0.1989,0.0405,0.0464,0.2025,-0.0211,0.1924,0.2318,-0.0599,0.1779
2460,建通精密工業股份有限公司,TWSE,2460.TW,2026-09-24,0.9132,-0.7862,0.1592,0.8091,-0.1468,0.7238,0.8928,0.0436,0.6424
2461,光群雷射科技股份有限公司,TWSE,2461.TW,2026-09-24,0.4058,0.1496,0.0791,0.1778,-0.1209,0.1708,0.2618,-0.0386,0.199
2462,台灣良得電子股份有限公司,TWSE,2462.TW,2026-09-24,0.5734,-0.5974,0.1056,0.4511,-0.4584,0.4102,0.5826,-0.5894,0.4244
2464,盟立自動化股份有限公司,TWSE,2464.TW,2026-09-24,1.2215,0.24,0.2079,1.3262,1.486,1.1768,1.25,0.4916,0.8935
2465,麗臺科技股份有限公司,TWSE,2465.TW,2026-09-24,1.1468,1.0217,0.1961,1.0996,0.4112,0.9783,1.071,-0.0224,0.7677
2466,冠西電子企業股份有限公司,TWSE,2466.TW,2026-09-24,0.2597,2.3946,0.056,0.4398,1.7022,0.4003,0.5399,0.4377,0.3944
2467,志聖工業股份有限公司,TWSE,2467.TW,2026-09-24,1.4906,-0.8104,0.2504,1.2742,-0.1622,1.1312,1.1381,0.5358,0.8148
2468,華經資訊企業股份有限公司,TWSE,2468.TW,2026-09-24,0.5261,1.3791,0.0981,0.3443,0.5769,0.3166,0.5445,-0.3748,0.3977
2471,資通電腦股份有限公司,TWSE,2471.TW,2026-09-24,0.2559,0.1639,0.0554,0.2455,-0.027,0.2301,0.4061,-0.1479,0.3004
2472,立隆電子工業股份有限公司,TWSE,2472.TW,2026-09-24,1.4887,-2.73,0.2501,1.3562,0.2484,1.203,1.2225,0.3756,0.8741
2474,可成科技股份有限公司,TWSE,2474.TW,2026-09-24,0.3599,0.1861,0.0718,0.4788,-0.0715,0.4344,0.3571,-0.0075,0.266
2476,鉅祥企業股份有限公司,TWSE,2476.TW,2026-09-24,1.1669,-0.1948,0.1993,1.0069,0.0766,0.897,0.971,-0.384,0.6974
2477,美隆工業股份有限公司,TWSE,2477.TW,2026-09-24,0.2066,0.0989,0.0476,0.2578,-0.1573,0.2408,0.3153,-0.1673,0.2366
2478,大毅科技股份有限公司,TWSE,2478.TW,2026-09-24,1.6295,-2.5157,0.2724,1.1976,0.8663,1.0641,1.1169,0.3187,0.7999
2480,敦陽科技股份有限公司,TWSE,2480.TW,2026-09-24,0.3459,0.1162,0.0696,0.248,0.2348,0.2322,0.291,-0.219,0.2195
2481,強茂股份有限公司,TWSE,2481.TW,2026-09-24,1.5238,-0.3626,0.2557,1.1126,0.6877,0.9896,1.0817,0.491,0.7752
2482,連宇股份有限公司,TWSE,2482.TW,2026-09-24,0.4642,-0.071,0.0883,0.3366,-0.3004,0.3099,0.3765,-0.378,0.2796
2483,百容電子股份有限公司,TWSE,2483.TW,2026-09-24,0.8403,-2.0907,0.1477,0.4294,0.8523,0.3912,0.441,0.3032,0.3249
2484,希華晶體科技股份有限公司,TWSE,2484.TW,2026-09-24,1.2157,-0.2448,0.207,0.841,1.5089,0.7517,0.9409,0.8586,0.6762
2485,兆赫電子股份有限公司,TWSE,2485.TW,2026-09-24,1.2843,-1.281,0.2179,1.0601,-2.1932,0.9436,0.8383,0.8173,0.6041
2486,一詮精密工業股份有限公司,TWSE,2486.TW,2026-09-24,1.4463,0.1232,0.2434,1.3444,0.0724,1.1927,1.3015,0.4845,0.9297
2488,漢平電子工業股份有限公司,TWSE,2488.TW,2026-09-24,0.2579,-0.2354,0.0557,0.2408,-0.0887,0.2259,0.2732,-0.0055,0.207
2489,瑞軒科技股份有限公司,TWSE,2489.TW,2026-09-24,1.4184,0.0072,0.239,1.3385,-0.3111,1.1875,1.1412,0.6116,0.817
2491,吉祥全球實業股份有限公司,TWSE,2491.TW,2026-09-24,1.0779,0.2523,0.1853,1.0915,1.4559,0.9712,0.8422,0.8475,0.6069
2492,華新科技股份有限公司,TWSE,2492.TW,2026-09-24,1.7431,-2.5561,0.2903,1.7346,1.0941,1.5345,1.6353,0.3281,1.1642
2493,揚博科技股份有限公司,TWSE,2493.TW,2026-09-24,1.4989,-1.8792,0.2518,1.3603,0.5307,1.2066,1.2145,0.0381,0.8685
2495,普安科技股份有限公司,TWSE,2495.TW,2026-09-24,1.0378,-0.9777,0.1789,1.1289,-0.3483,1.0039,0.968,0.1297,0.6953
2496,卓越成功股份有限公司,TWSE,2496.TW,2026-09-24,0.1946,-0.315,0.0457,0.1554,-0.3349,0.1511,0.1235,-0.1565,0.1018
2497,怡利電子工業股份有限公司,TWSE,2497.TW,2026-09-24,0.7568,-0.9305,0.1345,0.55,-0.6472,0.4968,0.5463,-0.3516,0.3989
2498,宏達國際電子股份有限公司,TWSE,2498.TW,2026-09-24,0.6295,-0.2287,0.1144,0.7793,-0.4428,0.6977,0.8217,-0.8575,0.5925
2501,國泰建設股份有限公司,TWSE,2501.TW,2026-09-24,0.1392,-0.3214,0.037,0.0367,0.0234,0.0471,0.1753,-0.1158,0.1382
2504,國產建材實業股份有限公司,TWSE,2504.TW,2026-09-24,0.028,-0.2982,0.0194,0.0674,-0.185,0.074,0.1344,-0.1592,0.1095
2505,國揚實業股份有限公司,TWSE,2505.TW,2026-09-24,0.181,0.051,0.0436,0.1975,-0.2693,0.188,0.2565,-0.2057,0.1953
2506,太平洋建設股份有限公司,TWSE,2506.TW,2026-09-24,0.1413,-0.0687,0.0373,0.0847,-0.138,0.0892,0.1074,-0.1927,0.0905
2509,全坤建設開發股份有限公司,TWSE,2509.TW,2026-09-24,0.2527,0.3426,0.0549,0.0047,0.0539,0.0191,0.1522,-0.1286,0.122
2511,太子建設開發股份有限公司,TWSE,2511.TW,2026-09-24,0.2531,0.2245,0.055,0.1407,0.0491,0.1383,0.1817,-0.1705,0.1427
2514,龍邦國際興業股份有限公司,TWSE,2514.TW,2026-09-24,0.1295,-0.6079,0.0355,0.1583,-0.4634,0.1537,0.1859,-0.3842,0.1456
2515,中華工程股份有限公司,TWSE,2515.TW,2026-09-24,0.3729,-0.2772,0.0739,0.3757,-0.3889,0.3441,0.4486,-0.0074,0.3303
2516,新亞建設開發股份有限公司,TWSE,2516.TW,2026-09-24,0.0186,0.4979,0.0179,0.0276,0.368,0.0392,0.0437,0.0639,0.0457
2520,冠德建設股份有限公司,TWSE,2520.TW,2026-09-24,0.0962,0.5663,0.0302,-0.0208,0.4935,-0.0032,0.0766,0.075,0.0688
2524,京城建設股份有限公司,TWSE,2524.TW,2026-09-24,0.4021,-0.1058,0.0785,0.2211,-0.3056,0.2087,0.3065,-0.4471,0.2304
2527,宏璟建設股份有限公司,TWSE,2527.TW,2026-09-24,0.9222,0.831,0.1607,0.7828,0.5174,0.7007,0.8055,0.2378,0.5811
2528,皇普建設股份有限公司,TWSE,2528.TW,2026-09-24,0.1806,0.0168,0.0435,0.1107,-0.2716,0.112,0.1492,-0.2582,0.1199
2530,大華建設股份有限公司,TWSE,2530.TW,2026-09-24,-0.1769,0.1809,-0.0129,-0.1411,-0.1331,-0.1086,0.0014,-0.3181,0.016
2534,宏盛建設股份有限公司,TWSE,2534.TW,2026-09-24,0.1442,0.0445,0.0378,0.0875,-0.2304,0.0917,0.1082,-0.2331,0.091
2535,達欣工程股份有限公司,TWSE,2535.TW,2026-09-24,0.2719,0.0159,0.0579,0.247,0.4635,0.2314,0.3331,0.2883,0.2491
2536,宏普建設股份有限公司,TWSE,2536.TW,2026-09-24,0.1291,0.0927,0.0354,0.0081,-0.062,0.0221,0.1115,-0.3285,0.0934
2537,聯上開發股份有限公司,TWSE,2537.TW,2026-09-24,0.2259,0.2114,0.0507,0.0792,0.184,0.0844,0.1179,0.0036,0.0979
2538,基泰建設股份有限公司,TWSE,2538.TW,2026-09-24,0.0235,-0.2886,0.0187,0.0733,-0.2321,0.0792,0.1295,-0.2291,0.106
2539,櫻花建設股份有限公司,TWSE,2539.TW,2026-09-24,0.0542,0.4034,0.0236,-0.0904,-0.0857,-0.0642,0.0315,-0.1068,0.0371
2540,愛山林建設開發股份有限公司,TWSE,2540.TW,2026-09-24,0.078,0.1408,0.0273,0.0298,0.3269,0.0411,0.1044,-0.0393,0.0884
2542,興富發建設股份有限公司,TWSE,2542.TW,2026-09-24,0.0898,0.1093,0.0292,0.0098,0.4851,0.0236,0.0891,0.016,0.0776
2543,皇昌營造股份有限公司,TWSE,2543.TW,2026-09-24,0.5538,0.058,0.1025,0.3746,-1.0253,0.3432,0.4061,-0.8061,0.3004
2545,皇翔建設股份有限公司,TWSE,2545.TW,2026-09-24,0.2253,-0.17,0.0506,0.1357,-0.0339,0.1339,0.2207,-0.2779,0.1701
2546,根基營造股份有限公司,TWSE,2546.TW,2026-09-24,0.1673,1.2621,0.0414,0.0775,0.9426,0.0829,0.1786,0.3084,0.1405
2547,日勝生活科技股份有限公司,TWSE,2547.TW,2026-09-24,0.1054,-0.2551,0.0316,0.0569,-0.0266,0.0648,0.1157,-0.1108,0.0963
2548,華固建設股份有限公司,TWSE,2548.TW,2026-09-24,0.1126,-0.1756,0.0328,0.0332,-0.3088,0.0441,0.1086,0.0542,0.0913
2597,潤弘精密工程事業股份有限公司,TWSE,2597.TW,2026-09-24,0.1649,-0.0981,0.041,0.0599,0.3067,0.0675,0.1478,0.0773,0.1189
2601,益航股份有限公司,TWSE,2601.TW,2026-09-23,0.2162,0.452,0.07,0.2469,-0.1124,0.2233,0.1283,0.0264,0.1032
2603,長榮海運股份有限公司,TWSE,2603.TW,2026-09-24,0.214,1.1497,0.0488,0.2373,0.3818,0.2229,0.2247,0.2883,0.1729
2605,新興航運股份有限公司,TWSE,2605.TW,2026-09-24,0.2399,1.0106,0.0529,0.1782,-0.2527,0.1711,0.2571,0.4496,0.1957
2606,裕民航運股份有限公司,TWSE,2606.TW,2026-09-24,0.3437,1.081,0.0693,0.3487,0.4066,0.3205,0.3755,0.1647,0.2789
2607,長榮國際儲運股份有限公司,TWSE,2607.TW,2026-09-24,0.1941,0.6368,0.0457,0.1643,0.0751,0.1589,0.1833,-0.3182,0.1438
2608,嘉里大榮物流股份有限公司,TWSE,2608.TW,2026-09-24,-0.056,-0.0233,0.0062,-0.0099,-0.0244,0.0063,0.0537,-0.161,0.0527
2609,陽明海運股份有限公司,TWSE,2609.TW,2026-09-24,0.15,0.9061,0.0387,0.2005,0.2478,0.1906,0.1508,0.1153,0.121
2610,中華航空股份有限公司,TWSE,2610.TW,2026-09-24,0.1816,-0.2619,0.0437,0.2888,0.1038,0.268,0.3456,-0.1866,0.2579
2611,志信國際股份有限公司,TWSE,2611.TW,2026-09-24,0.2614,0.1467,0.0563,0.2425,-0.137,0.2274,0.2491,-0.1841,0.1901
2612,中國航運股份有限公司,TWSE,2612.TW,2026-09-24,0.322,0.7975,0.0659,0.4093,0.0719,0.3735,0.4325,-0.0487,0.319
2613,中國貨櫃運輸股份有限公司,TWSE,2613.TW,2026-09-24,0.199,0.1284,0.0464,0.1963,-0.225,0.187,0.1869,-0.1814,0.1463
2614,東森國際股份有限公司,TWSE,2614.TW,2026-09-24,0.1963,-0.0106,0.046,0.1319,-0.3399,0.1305,0.1796,-0.2485,0.1412
2615,萬海航運股份有限公司,TWSE,2615.TW,2026-09-24,0.1341,1.8927,0.0362,0.1292,0.869,0.1282,0.1068,0.5022,0.0901
2616,山隆通運股份有限公司,TWSE,2616.TW,2026-09-24,0.1052,0.0176,0.0316,-0.0035,-0.3703,0.0119,-0.3099,0.2246,-0.2028
2617,台灣航業股份有限公司,TWSE,2617.TW,2026-09-24,0.169,0.6361,0.0417,0.1861,0.1343,0.178,0.2365,0.1209,0.1812
2618,長榮航空股份有限公司,TWSE,2618.TW,2026-09-24,0.2764,0.0096,0.0587,0.2743,0.2866,0.2553,0.3537,-0.0638,0.2636
2630,亞洲航空股份有限公司,TWSE,2630.TW,2026-09-24,0.6472,-0.3946,0.1172,0.6244,-0.4275,0.562,0.5956,-0.4357,0.4336
2633,台灣高速鐵路股份有限公司,TWSE,2633.TW,2026-09-24,0.0378,0.0314,0.021,0.058,-0.0347,0.0658,0.1075,-0.1151,0.0905
2634,漢翔航空工業股份有限公司,TWSE,2634.TW,2026-09-24,0.6171,0.6511,0.1125,0.5281,0.3303,0.4776,0.5853,-0.1899,0.4263
2636,台驊國際控股股份有限公司,TWSE,2636.TW,2026-09-24,0.1824,0.4393,0.0438,0.191,0.0988,0.1823,0.2108,-0.017,0.1631
2637,慧洋海運股份有限公司,TWSE,2637.TW,2026-09-24,0.1829,1.4928,0.0439,0.2842,0.7351,0.264,0.3153,0.4491,0.2366
2642,台灣宅配通股份有限公司,TWSE,2642.TW,2026-09-24,0.2451,-0.1011,0.0537,0.1716,-0.3379,0.1653,0.1732,-0.4653,0.1367
2645,長榮航太科技股份有限公司,TWSE,2645.TW,2026-09-24,0.724,-0.5446,0.1294,0.6974,-0.0909,0.6259,0.7186,-0.2984,0.52
2646,星宇航空股份有限公司,TWSE,2646.TW,2026-09-24,0.1027,-0.1773,0.0312,0.1541,-0.2035,0.15,0.1905,-0.339,0.1489
2701,萬華企業股份有限公司,TWSE,2701.TW,2026-09-24,0.0779,-0.0373,0.0273,0.1085,-0.1147,0.11,0.1489,-0.1568,0.1196
2702,華園飯店股份有限公司,TWSE,2702.TW,2026-09-24,0.1864,0.1018,0.0444,0.261,-0.1424,0.2436,0.2497,-0.0628,0.1905
2704,國賓大飯店股份有限公司,TWSE,2704.TW,2026-09-24,0.1216,0.1665,0.0342,0.1442,0.0483,0.1413,0.2257,-0.0816,0.1736
2705,六福開發股份有限公司,TWSE,2705.TW,2026-09-24,0.098,-0.2869,0.0305,0.1075,-0.2629,0.1092,0.1536,-0.2126,0.1229
2706,第一華僑大飯店股份有限公司,TWSE,2706.TW,2026-09-24,0.0547,-0.0411,0.0236,0.0755,-0.0377,0.0811,0.1189,-0.1427,0.0986
2707,晶華國際酒店股份有限公司,TWSE,2707.TW,2026-09-24,-0.0073,-0.0289,0.0138,0.0007,-0.0104,0.0156,0.0561,-0.0942,0.0544
2712,遠雄悅來大飯店股份有限公司,TWSE,2712.TW,2026-09-24,0.2555,-0.4747,0.0554,0.1679,-0.2605,0.1621,0.1678,-0.5018,0.1329
2722,夏都國際開發股份有限公司,TWSE,2722.TW,2026-09-24,0.2792,-0.3466,0.0591,0.2152,-0.39,0.2035,0.1839,-0.3781,0.1442
2723,開曼美食達人股份有限公司,TWSE,2723.TW,2026-09-24,0.2254,0.69,0.0506,0.0732,0.2457,0.0791,0.1662,-0.0145,0.1318
2727,王品餐飲股份有限公司,TWSE,2727.TW,2026-09-24,-0.041,0.0569,0.0085,0.0347,0.1761,0.0454,0.0881,0.0476,0.0769
2731,雄獅旅行社股份有限公司,TWSE,2731.TW,2026-09-24,0.2407,-0.1888,0.053,0.1973,-0.213,0.1878,0.2825,-0.1802,0.2135
2739,寒舍餐旅管理顧問股份有限公司,TWSE,2739.TW,2026-09-24,0.2129,0.1345,0.0486,0.148,0.188,0.1446,0.2,-0.079,0.1556
2748,雲品國際酒店股份有限公司,TWSE,2748.TW,2026-09-24,0.1851,0.0509,0.0442,0.1127,-0.0346,0.1137,0.2068,-0.2488,0.1603
2753,八方雲集國際股份有限公司,TWSE,2753.TW,2026-09-24,0.1585,0.1639,0.04,0.1292,0.0871,0.1282,0.1888,-0.1185,0.1477
2762,世界健身股份有限公司,TWSE,2762.TW,2026-09-24,0.2505,-0.0317,0.0546,0.1748,0.1691,0.1681,0.1961,0.0736,0.1528
2801,彰化商業銀行股份有限公司,TWSE,2801.TW,2026-09-24,0.071,0.8947,0.0262,0.0901,0.7004,0.0939,0.1678,0.3251,0.1329
2812,台中商業銀行股份有限公司,TWSE,2812.TW,2026-09-24,-0.1176,0.1917,-0.0036,-0.0057,0.0103,0.01,0.079,-0.1411,0.0705
2816,旺旺友聯產物保險股份有限公司,TWSE,2816.TW,2026-09-24,0.2317,0.71,0.0516,0.2664,0.4648,0.2484,0.2942,0.2908,0.2218
2820,中華票券金融股份有限公司,TWSE,2820.TW,2026-09-24,0.0202,0.043,0.0182,0.0554,0.099,0.0635,0.0771,0.0569,0.0692
2832,台灣產物保險股份有限公司,TWSE,2832.TW,2026-09-24,0.2349,-0.0029,0.0521,0.2402,0.3834,0.2254,0.2482,0.1131,0.1894
2834,臺灣中小企業銀行股份有限公司,TWSE,2834.TW,2026-09-24,0.0558,0.4248,0.0238,0.0901,0.4495,0.0939,0.1585,0.1351,0.1264
2836,高雄銀行股份有限公司,TWSE,2836.TW,2026-09-24,0.0849,0.1532,0.0284,0.0859,0.011,0.0902,0.1417,-0.0278,0.1146
2838,聯邦商業銀行股份有限公司,TWSE,2838.TW,2026-09-24,0.037,0.041,0.0208,0.1494,0.0805,0.1459,0.1976,0.1293,0.1539
2845,遠東國際商業銀行股份有限公司,TWSE,2845.TW,2026-09-24,0.0556,0.3135,0.0238,0.0652,0.1844,0.0721,0.1211,0.0503,0.1001
2849,安泰商業銀行股份有限公司,TWSE,2849.TW,2026-09-24,0.0595,0.5274,0.0244,0.1676,0.3395,0.1618,0.2657,0.0561,0.2017
2850,新光產物保險股份有限公司,TWSE,2850.TW,2026-09-24,0.2312,0.4332,0.0515,0.2038,0.5708,0.1935,0.2147,0.2205,0.1659
2851,中央再保險股份有限公司,TWSE,2851.TW,2026-09-24,0.3101,1.1983,0.064,0.313,0.8628,0.2892,0.3188,0.5999,0.239
2852,第一產物保險股份有限公司,TWSE,2852.TW,2026-09-24,0.1459,0.2177,0.038,0.1297,0.1904,0.1286,0.1889,-0.0027,0.1478
2855,統一綜合證券股份有限公司,TWSE,2855.TW,2026-09-24,0.9258,0.5019,0.1612,0.8857,0.6525,0.7909,0.8588,0.4822,0.6185
2880,華南金融控股股份有限公司,TWSE,2880.TW,2026-09-24,-0.0002,1.1347,0.015,0.1653,0.6332,0.1598,0.2015,0.4086,0.1566
2881,富邦金融控股股份有限公司,TWSE,2881.TW,2026-09-24,0.4143,0.8336,0.0804,0.3342,0.956,0.3078,0.364,0.3904,0.2708
2882,國泰金融控股股份有限公司,TWSE,2882.TW,2026-09-24,0.5051,0.5981,0.0948,0.4672,0.6312,0.4243,0.4465,0.3189,0.3288
2883,凱基金融控股股份有限公司,TWSE,2883.TW,2026-09-24,0.5516,1.298,0.1021,0.484,1.1214,0.439,0.5315,0.7231,0.3885
2884,玉山金融控股股份有限公司,TWSE,2884.TW,2026-09-24,0.0092,1.4081,0.0165,0.0924,0.7675,0.0959,0.1302,0.3176,0.1065
2885,元大金融控股股份有限公司,TWSE,2885.TW,2026-09-24,0.5902,0.4343,0.1082,0.5548,0.5672,0.501,0.51,0.4803,0.3734
2886,兆豐金融控股股份有限公司,TWSE,2886.TW,2026-09-24,-0.0846,0.505,0.0016,-0.0046,0.602,0.011,0.0743,0.1792,0.0672
2887,台新新光金融控股股份有限公司,TWSE,2887.TW,2026-09-24,0.5741,1.1465,0.1057,0.464,0.9036,0.4215,0.4405,0.6892,0.3246
2889,國票金融控股股份有限公司,TWSE,2889.TW,2026-09-24,0.0485,0.6365,0.0227,0.0861,0.2369,0.0904,0.1111,0.0987,0.0931
2890,永豐金融控股股份有限公司,TWSE,2890.TW,2026-09-24,0.2222,0.6999,0.0501,0.3278,0.5889,0.3022,0.357,0.4712,0.2659
2891,中國信託金融控股股份有限公司,TWSE,2891.TW,2026-09-24,0.2898,0.0044,0.0608,0.3489,0.2921,0.3206,0.3365,0.3314,0.2515
2892,第一金融控股股份有限公司,TWSE,2892.TW,2026-09-24,0.1044,0.8992,0.0315,0.108,0.702,0.1096,0.1449,0.2655,0.1168
2897,王道商業銀行股份有限公司,TWSE,2897.TW,2026-09-24,0.0563,0.469,0.0239,0.0706,0.2536,0.0768,0.0942,0.2077,0.0812
2901,欣欣大眾市場股份有限公司,TWSE,2901.TW,2026-09-24,0.09,0.0259,0.0292,0.1341,-0.0484,0.1325,0.0924,-0.1279,0.0799
2903,遠東百貨股份有限公司,TWSE,2903.TW,2026-09-24,-0.0532,0.0788,0.0066,-0.0116,0.0566,0.0048,0.0679,0.0148,0.0627
2904,匯僑股份有限公司,TWSE,2904.TW,2026-09-24,0.0424,-0.3395,0.0217,0.0952,-0.5702,0.0984,0.0479,-0.3239,0.0487
2905,三商投資控股股份有限公司,TWSE,2905.TW,2026-09-24,0.146,0.9785,0.0381,0.1812,0.411,0.1737,0.246,0.3278,0.1879
2906,高林實業股份有限公司,TWSE,2906.TW,2026-09-24,0.0434,0.0071,0.0219,-0.114,0.3094,-0.0849,0.0385,-0.0316,0.0421
2908,特力股份有限公司,TWSE,2908.TW,2026-09-24,0.055,0.1637,0.0237,0.0645,0.2191,0.0715,0.0885,0.0816,0.0772
2910,統領百貨股份有限公司,TWSE,2910.TW,2026-09-24,0.1247,0.3109,0.0347,0.1446,0.2239,0.1417,0.2515,0.064,0.1917
2911,麗嬰房股份有限公司,TWSE,2911.TW,2026-09-24,0.3281,-0.7094,0.0668,0.4483,0.1565,0.4077,0.3515,0.0473,0.262
2912,統一超商股份有限公司,TWSE,2912.TW,2026-09-24,-0.145,-0.0136,-0.0079,-0.0442,0.0093,-0.0237,-0.0356,-0.086,-0.01
2913,台灣農林股份有限公司,TWSE,2913.TW,2026-09-24,0.1263,0.1393,0.0349,0.1084,-0.2881,0.11,0.16,-0.3404,0.1274
2915,潤泰全球股份有限公司,TWSE,2915.TW,2026-09-24,0.1374,0.7963,0.0367,0.0872,0.5097,0.0914,0.1977,0.0768,0.1539
2923,鼎固控股有限公司,TWSE,2923.TW,2026-09-24,-0.1488,-0.0366,-0.0085,0.3827,0.7611,0.3502,0.6882,-0.0638,0.4987
2929,淘帝國際控股有限公司,TWSE,2929.TW,2026-09-24,0.1791,0.178,0.0433,0.3424,-0.3441,0.3149,0.3121,-0.6405,0.2343
2939,永邑國際集團股份有限公司,TWSE,2939.TW,2026-09-24,0.1,0.1555,0.0308,0.0371,-0.567,0.0475,0.0426,-0.2692,0.0449
2945,三商家購股份有限公司,TWSE,2945.TW,2026-09-24,0.107,-0.0602,0.0319,0.0613,0.0026,0.0687,0.0979,0.0602,0.0838
3002,歐格電子股份有限公司,TWSE,3002.TW,2026-09-24,0.8809,-0.618,0.1541,0.7356,-0.4283,0.6594,0.7289,-0.1977,0.5273
3003,健和興端子股份有限公司,TWSE,3003.TW,2026-09-24,0.8132,-0.3222,0.1434,0.5773,0.042,0.5207,0.6499,-0.2002,0.4717
3004,豐達科技股份有限公司,TWSE,3004.TW,2026-09-24,0.6963,-0.6846,0.125,0.6577,-0.1276,0.5911,0.7912,-0.544,0.571
3005,神基控股股份有限公司,TWSE,3005.TW,2026-09-24,0.5228,0.336,0.0976,0.4812,-0.0344,0.4365,0.4412,-0.4934,0.3251
3006,晶豪科技股份有限公司,TWSE,3006.TW,2026-09-24,1.5767,1.2102,0.264,1.3038,0.453,1.1571,1.4943,0.7239,1.0652
3008,大立光電股份有限公司,TWSE,3008.TW,2026-09-24,0.9466,1.7251,0.1645,1.0091,1.6859,0.899,0.9453,0.5818,0.6793
3010,華立企業股份有限公司,TWSE,3010.TW,2026-09-24,0.6361,-0.0597,0.1155,0.5593,-0.2407,0.5049,0.6016,-0.0243,0.4378
3011,今皓實業股份有限公司,TWSE,3011.TW,2026-09-24,0.5166,-1.5184,0.0966,0.2812,-0.6149,0.2613,0.3687,-0.5689,0.2741
3013,晟銘電子科技股份有限公司,TWSE,3013.TW,2026-09-24,1.0879,-0.894,0.1868,1.0058,-0.98,0.8961,1.0497,-0.8842,0.7527
3014,聯陽半導體股份有限公司,TWSE,3014.TW,2026-09-24,0.7537,-0.4803,0.134,0.7415,-0.0621,0.6646,0.645,-0.2869,0.4683
3015,全漢企業股份有限公司,TWSE,3015.TW,2026-09-24,0.9242,-0.9048,0.161,0.7731,-0.3187,0.6922,0.6782,-0.3548,0.4916
3016,嘉晶電子股份有限公司,TWSE,3016.TW,2026-09-24,1.4734,1.2534,0.2477,1.5307,1.4879,1.3559,1.3524,0.4043,0.9654
3017,奇鋐科技股份有限公司,TWSE,3017.TW,2026-09-24,1.2743,1.3485,0.2163,1.2284,0.2947,1.0911,1.2405,0.7203,0.8868
3018,隆銘綠能科技工程股份有限公司,TWSE,3018.TW,2026-09-24,-0.4024,0.3634,-0.0486,-0.2657,0.4877,-0.2178,-0.1505,0.0506,-0.0908
3019,亞洲光學股份有限公司,TWSE,3019.TW,2026-09-24,0.9885,-0.1902,0.1711,0.9839,-0.4492,0.8769,1.0496,-0.7617,0.7526
3021,鴻名企業股份有限公司,TWSE,3021.TW,2026-09-24,0.8473,-0.455,0.1488,1.0232,0.5613,0.9113,0.8557,0.0087,0.6164
3022,威強電工業電腦股份有限公司,TWSE,3022.TW,2026-09-24,0.8016,0.6961,0.1416,0.6029,0.5258,0.5431,0.5443,0.1093,0.3975
3023,信邦電子股份有限公司,TWSE,3023.TW,2026-09-24,0.8082,-0.2099,0.1427,0.7345,-0.1264,0.6584,0.6868,-0.0431,0.4977
3024,憶聲電子股份有限公司,TWSE,3024.TW,2026-09-24,0.1274,0.9214,0.0351,0.1764,0.7438,0.1695,0.2927,-0.0139,0.2207
3025,星通資訊股份有限公司,TWSE,3025.TW,2026-09-24,0.8622,-0.8356,0.1512,0.8367,-0.7167,0.748,0.7592,-0.1491,0.5485
3026,禾伸堂企業股份有限公司,TWSE,3026.TW,2026-09-24,1.8805,-0.1539,0.312,1.9094,2.6277,1.6876,1.5906,1.4868,1.1328
3027,盛達電業股份有限公司,TWSE,3027.TW,2026-09-24,0.8116,-0.843,0.1432,0.7032,-0.5789,0.631,0.6983,-0.7311,0.5057
3028,增你強股份有限公司,TWSE,3028.TW,2026-09-24,0.9409,-1.1076,0.1636,0.7913,-0.006,0.7082,0.8177,0.3391,0.5897
3029,零壹科技股份有限公司,TWSE,3029.TW,2026-09-24,0.4424,0.789,0.0849,0.4011,0.2278,0.3664,0.4416,-0.2154,0.3253
3030,德律科技股份有限公司,TWSE,3030.TW,2026-09-24,1.1369,-1.201,0.1946,1.1587,-0.6067,1.03,0.9256,-0.0173,0.6655
3031,佰鴻工業股份有限公司,TWSE,3031.TW,2026-09-24,1.0326,-0.3935,0.1781,1.0479,-0.1215,0.933,0.9097,-0.0468,0.6543
3032,偉訓科技股份有限公司,TWSE,3032.TW,2026-09-24,1.0436,-0.0778,0.1798,0.8965,-0.1295,0.8003,0.902,-0.7154,0.6489
3033,威健實業股份有限公司,TWSE,3033.TW,2026-09-24,0.8914,-0.6117,0.1558,0.6758,0.1645,0.607,0.6473,0.0834,0.4699
3034,聯詠科技股份有限公司,TWSE,3034.TW,2026-09-24,0.5598,0.2078,0.1034,0.6457,0.3543,0.5806,0.5791,-0.0692,0.422
3035,智原科技股份有限公司,TWSE,3035.TW,2026-09-24,1.0832,-0.1021,0.1861,1.2947,-0.072,1.1492,1.1706,-0.3918,0.8377
3036,文曄科技股份有限公司,TWSE,3036.TW,2026-09-24,0.9001,-0.115,0.1572,0.703,-0.6082,0.6308,0.6854,0.0813,0.4967
3037,欣興電子股份有限公司,TWSE,3037.TW,2026-09-24,1.7799,0.5994,0.2961,1.6902,0.5673,1.4956,1.8078,1.1984,1.2855
3038,全台晶像股份有限公司,TWSE,3038.TW,2026-09-24,0.3703,-0.3268,0.0735,0.4442,-0.381,0.4041,0.4543,-0.3081,0.3343
3040,遠見科技股份有限公司,TWSE,3040.TW,2026-09-24,0.1795,-0.3026,0.0434,0.1923,-0.8887,0.1835,0.0965,-0.6393,0.0828
3041,揚智科技股份有限公司,TWSE,3041.TW,2026-09-24,1.0825,-0.8723,0.186,1.0606,-0.6627,0.9441,0.9584,-0.7743,0.6885
3042,台灣晶技股份有限公司,TWSE,3042.TW,2026-09-24,1.4314,-0.0073,0.2411,1.1086,1.0812,0.9861,0.901,0.4318,0.6482
3043,科風股份有限公司,TWSE,3043.TW,2026-09-24,0.8313,-0.2707,0.1463,0.4252,-0.1668,0.3875,0.363,-0.28,0.2701
3044,健鼎科技股份有限公司,TWSE,3044.TW,2026-09-24,1.1814,0.3161,0.2016,1.11,0.1447,0.9874,1.0736,0.0258,0.7695
3045,台灣大哥大股份有限公司,TWSE,3045.TW,2026-09-24,-0.1397,0.3731,-0.0071,-0.0937,0.4207,-0.0671,-0.0382,0.2242,-0.0118
3046,建碁股份有限公司,TWSE,3046.TW,2026-09-24,0.4861,0.2245,0.0918,0.5389,0.0217,0.4871,0.517,-0.0404,0.3783
3047,訊舟科技股份有限公司,TWSE,3047.TW,2026-09-24,0.78,-0.2782,0.1382,0.6661,-0.6459,0.5985,0.6866,-0.6644,0.4975
3048,益登科技股份有限公司,TWSE,3048.TW,2026-09-24,1.1144,-0.9837,0.191,0.8069,0.3801,0.7218,0.8746,-0.1912,0.6296
3049,精金科技股份有限公司,TWSE,3049.TW,2026-09-24,0.9269,-0.2965,0.1614,0.8663,-0.3654,0.7739,0.7005,0.4061,0.5073
3050,鈺德科技股份有限公司,TWSE,3050.TW,2026-09-24,0.683,-0.2816,0.1229,0.6167,-0.7172,0.5552,0.5783,-0.4066,0.4214
3051,力特光電科技股份有限公司,TWSE,3051.TW,2026-09-24,0.9051,-0.8338,0.158,0.9364,-0.3943,0.8353,0.8485,-0.46,0.6113
3052,夆典科技開發股份有限公司,TWSE,3052.TW,2026-09-24,0.1213,0.0813,0.0342,0.1225,-0.0902,0.1223,0.1175,-0.0947,0.0976
3054,立萬利創新股份有限公司,TWSE,3054.TW,2026-09-24,0.8284,-0.1963,0.1458,0.6882,-0.7041,0.6179,0.549,0.7359,0.4008
3055,蔚華科技股份有限公司,TWSE,3055.TW,2026-09-24,1.0836,2.2177,0.1862,0.8096,2.3522,0.7242,0.8381,1.0579,0.604
3056,富華創新股份有限公司,TWSE,3056.TW,2026-09-24,0.2227,-0.0014,0.0502,0.1449,-0.12,0.1419,0.1996,-0.4348,0.1553
3057,喬鼎資訊股份有限公司,TWSE,3057.TW,2026-09-24,1.0995,-0.8158,0.1887,0.9606,-0.6613,0.8565,0.9266,-0.3615,0.6662
3058,立德電子股份有限公司,TWSE,3058.TW,2026-09-24,0.4659,-0.4508,0.0886,0.454,-0.6239,0.4127,0.485,-0.5995,0.3558
3059,華晶科技股份有限公司,TWSE,3059.TW,2026-09-24,0.77,-0.9983,0.1366,0.6727,-0.3202,0.6043,0.7222,-0.7339,0.5225
3060,銘異科技股份有限公司,TWSE,3060.TW,2026-09-24,0.8741,-1.1515,0.1531,1.0317,-0.9068,0.9188,1.0673,-0.4636,0.7651
3062,建漢科技股份有限公司,TWSE,3062.TW,2026-09-24,0.8225,-0.518,0.1449,0.7657,-1.2993,0.6858,0.8646,-0.5576,0.6226
3090,日電貿股份有限公司,TWSE,3090.TW,2026-09-24,1.3632,-2.5344,0.2303,1.4144,0.4288,1.254,1.2192,0.2442,0.8718
3092,鴻碩精密電工股份有限公司,TWSE,3092.TW,2026-09-24,0.7371,-1.5859,0.1314,0.7413,-1.0466,0.6644,0.678,0.0892,0.4915
3094,聯傑國際股份有限公司,TWSE,3094.TW,2026-09-24,1.6104,1.5018,0.2694,1.3278,0.9952,1.1782,1.1225,0.1407,0.8039
3130,一零四資訊科技股份有限公司,TWSE,3130.TW,2026-09-24,0.0555,0.0102,0.0238,0.0432,-0.0134,0.0528,0.0481,-0.0514,0.0488
3135,凌航科技股份有限公司,TWSE,3135.TW,2026-09-24,1.0958,0.0216,0.1881,1.1801,0.1825,1.0488,1.2501,1.0761,0.8935
3138,耀登科技股份有限公司,TWSE,3138.TW,2026-09-24,1.1273,-0.6589,0.1931,0.9831,-1.6699,0.8762,0.9424,-0.418,0.6773
3149,正達國際光電股份有限公司,TWSE,3149.TW,2026-09-24,0.9553,-1.6721,0.1659,0.9857,0.1576,0.8785,0.9697,-0.0314,0.6965
3150,鈺寶科技股份有限公司,TWSE,3150.TW,2026-09-24,0.7292,-0.7804,0.1302,0.6161,-0.7096,0.5547,0.5975,-0.6649,0.4349
3164,景岳生物科技股份有限公司,TWSE,3164.TW,2026-09-24,0.1154,0.0823,0.0332,0.1049,-0.2402,0.1069,0.1579,-0.2266,0.126
3167,大量科技股份有限公司,TWSE,3167.TW,2026-09-24,1.6511,0.7311,0.2758,1.4037,0.8192,1.2446,1.3052,1.2338,0.9323
3168,眾福科技股份有限公司,TWSE,3168.TW,2026-09-24,0.2895,-0.0452,0.0607,0.3217,-0.0277,0.2968,0.2724,-0.2409,0.2064
3189,景碩科技股份有限公司,TWSE,3189.TW,2026-09-24,1.9514,0.4143,0.3232,1.8047,1.0101,1.5959,1.8034,1.3936,1.2824
3209,全科科技股份有限公司,TWSE,3209.TW,2026-09-24,0.7182,-0.6405,0.1284,0.5784,0.0706,0.5217,0.5689,0.1894,0.4148
3229,晟鈦股份有限公司,TWSE,3229.TW,2026-09-24,0.7849,1.5539,0.139,0.986,1.8983,0.8787,0.746,1.2503,0.5393
3231,緯創資通股份有限公司,TWSE,3231.TW,2026-09-24,0.8478,0.7395,0.1489,0.9578,0.1749,0.854,0.9205,-0.1353,0.6619
3257,虹冠電子工業股份有限公司,TWSE,3257.TW,2026-09-24,0.8133,-1.4061,0.1435,0.7437,-0.5895,0.6665,0.8244,-0.7651,0.5944
3266,昇陽建設企業股份有限公司,TWSE,3266.TW,2026-09-24,0.0948,0.273,0.03,0.0986,0.1423,0.1014,0.2028,-0.0795,0.1575
3296,勝德國際研發股份有限公司,TWSE,3296.TW,2026-09-24,0.5665,-0.194,0.1045,0.5606,0.1641,0.5061,0.5825,-0.0336,0.4244
3305,昇貿科技股份有限公司,TWSE,3305.TW,2026-09-24,1.2443,-1.1592,0.2115,1.0266,-0.6911,0.9143,1.0282,-0.5742,0.7376
3308,聯德電子股份有限公司,TWSE,3308.TW,2026-09-24,0.6712,0.0634,0.121,0.6185,-0.3454,0.5568,0.8236,-0.1328,0.5938
3311,閎暉實業股份有限公司,TWSE,3311.TW,2026-09-24,0.5183,0.0542,0.0969,0.4824,0.0883,0.4376,0.4822,-0.1662,0.3539
3312,弘憶國際股份有限公司,TWSE,3312.TW,2026-09-24,1.1266,-0.4204,0.1929,1.0315,0.1504,0.9186,1.0398,-0.3553,0.7457
3321,同泰電子科技股份有限公司,TWSE,3321.TW,2026-09-24,0.7068,-1.1166,0.1266,0.7781,-0.2106,0.6966,0.6736,0.0882,0.4884
3338,泰碩電子股份有限公司,TWSE,3338.TW,2026-09-24,1.0962,-0.3382,0.1881,0.818,-0.2946,0.7316,0.7526,-0.2224,0.5439
3346,麗清科技股份有限公司,TWSE,3346.TW,2026-09-24,0.8774,-0.4754,0.1536,0.6536,0.1477,0.5876,0.6434,-0.286,0.4672
3356,奇偶科技股份有限公司,TWSE,3356.TW,2026-09-24,0.681,-0.3496,0.1226,0.6942,-0.0718,0.6231,0.6879,-0.2102,0.4984
3376,新日興股份有限公司,TWSE,3376.TW,2026-09-24,0.8358,-0.4179,0.147,0.8167,-0.6943,0.7304,0.8231,-0.7508,0.5935
3380,明泰科技股份有限公司,TWSE,3380.TW,2026-09-24,0.9306,-0.183,0.162,0.9314,-0.9019,0.8309,0.9624,-0.4638,0.6914
3406,玉晶光電股份有限公司,TWSE,3406.TW,2026-09-24,1.1828,1.5501,0.2018,1.0009,0.9102,0.8918,0.8419,0.3802,0.6067
3413,京鼎精密科技股份有限公司,TWSE,3413.TW,2026-09-24,0.5628,-0.582,0.1039,0.699,-0.4866,0.6273,0.8286,-0.4827,0.5973
3416,融程電訊股份有限公司,TWSE,3416.TW,2026-09-24,0.7813,-0.284,0.1384,0.7817,-0.1913,0.6998,0.7045,-0.4491,0.5101
3419,譁裕實業股份有限公司,TWSE,3419.TW,2026-09-24,0.3776,-1.1148,0.0746,0.391,-1.0491,0.3575,0.3796,-0.5037,0.2818
3432,台端興業股份有限公司,TWSE,3432.TW,2026-09-24,0.8399,-0.9817,0.1477,0.7747,-0.7801,0.6936,0.6264,-0.3284,0.4552
3437,榮創能源科技股份有限公司,TWSE,3437.TW,2026-09-24,1.1227,0.095,0.1923,0.898,-0.4327,0.8016,0.8835,-0.0562,0.6359
3443,創意電子股份有限公司,TWSE,3443.TW,2026-09-24,1.8413,2.2444,0.3058,1.7013,1.5754,1.5053,1.6082,1.1433,1.1452
3447,展達通訊股份有限公司,TWSE,3447.TW,2026-09-24,0.7686,-1.2269,0.1364,0.8115,-1.218,0.7259,0.7696,-1.3483,0.5559
3450,聯鈞光電股份有限公司,TWSE,3450.TW,2026-09-24,1.9847,0.1134,0.3285,1.7557,0.4802,1.553,1.6429,-0.1741,1.1696
3481,群創光電股份有限公司,TWSE,3481.TW,2026-09-24,1.2443,-1.3276,0.2115,1.4814,0.5015,1.3127,1.3341,0.6318,0.9526
3494,誠研科技股份有限公司,TWSE,3494.TW,2026-09-24,0.1797,-0.4899,0.0434,0.1459,-0.3636,0.1428,0.1899,-0.3908,0.1485
3501,維熹科技股份有限公司,TWSE,3501.TW,2026-09-24,0.1505,-0.0543,0.0388,0.1719,-0.5047,0.1656,0.2727,-0.4237,0.2066
3504,揚明光學股份有限公司,TWSE,3504.TW,2026-09-24,0.706,0.2439,0.1265,0.7165,0.5215,0.6427,0.8215,-0.1046,0.5923
3515,華擎科技股份有限公司,TWSE,3515.TW,2026-09-24,0.6989,-0.0971,0.1254,0.6982,-0.337,0.6266,0.7625,-0.6495,0.5509
3518,柏騰科技股份有限公司,TWSE,3518.TW,2026-09-24,0.7722,0.5083,0.137,0.8636,0.505,0.7715,0.7494,0.0641,0.5417
3528,安馳科技股份有限公司,TWSE,3528.TW,2026-09-24,0.8024,-0.5908,0.1417,0.8897,0.0123,0.7944,0.7961,-0.2397,0.5745
3530,晶相光電股份有限公司,TWSE,3530.TW,2026-09-24,0.9209,-0.7441,0.1605,0.8604,-0.6123,0.7687,0.8949,-0.6009,0.6439
3532,台塑勝高科技股份有限公司,TWSE,3532.TW,2026-09-24,0.9128,0.8371,0.1592,1.5411,1.7585,1.365,1.4593,0.9168,1.0406
3533,嘉澤端子工業股份有限公司,TWSE,3533.TW,2026-09-24,1.2355,-0.985,0.2101,1.2525,-1.2856,1.1122,1.2781,-0.6116,0.9132
3535,晶彩科技股份有限公司,TWSE,3535.TW,2026-09-24,1.2532,-1.1953,0.2129,1.1864,-1.1846,1.0543,0.9146,-0.3128,0.6578
3543,州巧科技股份有限公司,TWSE,3543.TW,2026-09-24,0.7342,2.103,0.131,0.522,-0.2612,0.4723,0.6492,0.027,0.4712
3545,敦泰電子股份有限公司,TWSE,3545.TW,2026-09-24,0.8796,-0.3862,0.1539,0.8728,-0.491,0.7796,0.8005,-0.7377,0.5776
3550,聯穎科技股份有限公司,TWSE,3550.TW,2026-09-24,1.1284,-1.4282,0.1932,0.6586,0.2881,0.5919,0.641,0.2522,0.4655
3557,嘉威生活股份有限公司,TWSE,3557.TW,2026-09-24,0.2809,-0.3914,0.0594,0.2658,-0.7109,0.2478,0.3323,-0.7075,0.2485
3563,牧德科技股份有限公司,TWSE,3563.TW,2026-09-24,1.4485,-0.1208,0.2438,1.167,-0.8542,1.0373,1.0014,-0.1057,0.7188
3576,聯合再生能源股份有限公司,TWSE,3576.TW,2026-09-24,0.7311,0.3222,0.1305,0.6201,-0.5773,0.5582,0.6853,0.8161,0.4966
3583,辛耘企業股份有限公司,TWSE,3583.TW,2026-09-24,1.4504,-1.0934,0.2441,1.1577,0.1258,1.0291,1.184,-0.0117,0.8471
3588,通嘉科技股份有限公司,TWSE,3588.TW,2026-09-24,1.1429,-0.9713,0.1955,0.9119,-0.357,0.8138,0.8812,-0.4884,0.6343
3591,艾笛森光電股份有限公司,TWSE,3591.TW,2026-09-24,1.0508,-0.503,0.181,0.6626,-0.2867,0.5954,0.5609,-0.0457,0.4092
3592,瑞鼎科技股份有限公司,TWSE,3592.TW,2026-09-24,0.5464,-0.7675,0.1013,0.6939,-0.3687,0.6229,0.6797,-0.601,0.4927
3593,力銘科技股份有限公司,TWSE,3593.TW,2026-09-24,0.3827,-1.8694,0.0754,0.2245,-0.7138,0.2117,0.1406,-0.2366,0.1138
3596,智易科技股份有限公司,TWSE,3596.TW,2026-09-24,0.613,-1.0292,0.1118,0.55,-0.5788,0.4968,0.6078,-0.6876,0.4421
3605,宏致電子股份有限公司,TWSE,3605.TW,2026-09-24,1.1567,3.4472,0.1977,0.7993,1.9353,0.7152,0.8464,0.5992,0.6098
3607,谷崧精密工業股份有限公司,TWSE,3607.TW,2026-09-24,0.615,-0.4882,0.1121,0.5613,-0.3875,0.5067,0.5525,-0.2479,0.4033
3617,碩天科技股份有限公司,TWSE,3617.TW,2026-09-24,0.7345,0.6495,0.131,0.6602,0.361,0.5933,0.6789,-0.1974,0.4921
3622,洋華光電股份有限公司,TWSE,3622.TW,2026-09-24,0.4655,-0.9911,0.0885,0.5065,-0.7938,0.4587,0.5211,-0.4447,0.3812
3645,達邁科技股份有限公司,TWSE,3645.TW,2026-09-24,1.2234,-0.9115,0.2082,1.0198,-0.6653,0.9083,1.0128,-0.4582,0.7268
3652,精聯電子股份有限公司,TWSE,3652.TW,2026-09-24,0.8289,-0.1683,0.1459,0.8391,-0.0143,0.7501,0.6698,-0.2349,0.4857
3653,健策精密工業股份有限公司,TWSE,3653.TW,2026-09-24,1.2916,3.0988,0.219,0.9441,0.8126,0.842,1.0299,0.7444,0.7388
3661,世芯電子股份有限公司,TWSE,3661.TW,2026-09-24,1.6229,-0.6536,0.2713,1.4941,-0.349,1.3238,1.5218,-0.7034,1.0845
3665,貿聯控股(BizLink Holding Inc.),TWSE,3665.TW,2026-09-24,1.3486,0.7413,0.228,1.0958,-0.2657,0.9749,1.0716,0.388,0.7681
3669,圓展科技股份有限公司,TWSE,3669.TW,2026-09-24,0.5079,-0.2228,0.0952,0.6131,-0.3959,0.5521,0.607,-0.2906,0.4416
3673,"TPK Holding Co., Ltd.",TWSE,3673.TW,2026-09-24,1.2415,-0.5676,0.2111,1.0712,0.1684,0.9534,0.9521,0.0681,0.6841
3679,新至陞科技股份有限公司,TWSE,3679.TW,2026-09-24,0.031,-0.1146,0.0199,0.1238,-0.0732,0.1234,0.17,-0.0618,0.1345
3686,達能科技股份有限公司,TWSE,3686.TW,2026-09-24,0.6616,-0.6407,0.1195,0.5863,-0.8003,0.5286,0.5589,-0.5585,0.4078
3694,海華科技股份有限公司,TWSE,3694.TW,2026-09-24,1.1792,-1.0872,0.2013,0.954,-0.7725,0.8507,0.9574,-0.988,0.6878
3701,大眾全球投資控股股份有限公司,TWSE,3701.TW,2026-09-24,1.0448,-0.2637,0.18,1.0232,-1.2706,0.9113,1.0217,-0.4743,0.733
3702,大聯大控股股份有限公司,TWSE,3702.TW,2026-09-24,0.8936,0.4077,0.1561,0.6788,0.1986,0.6096,0.6463,0.2721,0.4692
3703,欣陸投資控股股份有限公司,TWSE,3703.TW,2026-09-24,0.0824,-0.1404,0.028,0.08,-0.2048,0.0851,0.1382,-0.1779,0.1121
3704,合勤投資控股股份有限公司,TWSE,3704.TW,2026-09-24,0.7302,-0.2861,0.1303,0.7026,0.0248,0.6305,0.7036,-0.1614,0.5095
3705,永信國際投資控股股份有限公司,TWSE,3705.TW,2026-09-24,0.0073,0.1824,0.0162,0.0154,0.1247,0.0285,0.0205,0.0236,0.0294
3706,神達控股股份有限公司,TWSE,3706.TW,2026-09-24,0.5272,-0.1334,0.0983,0.7171,-0.1863,0.6432,0.8045,-0.4603,0.5804
3708,上緯國際控股股份有限公司,TWSE,3708.TW,2026-09-24,0.8324,-0.2842,0.1465,0.5389,-0.5885,0.4871,0.7138,-0.6465,0.5166
3711,日月光投資控股股份有限公司,TWSE,3711.TW,2026-09-24,1.6268,-0.0387,0.272,1.6996,0.1303,1.5039,1.7208,0.4836,1.2243
3712,永崴投資控股股份有限公司,TWSE,3712.TW,2026-09-24,1.0077,0.5104,0.1742,0.8754,-0.4777,0.7819,0.8124,-0.9437,0.5859
3714,富采控股股份有限公司,TWSE,3714.TW,2026-09-24,1.0822,0.3106,0.1859,0.9831,-0.1264,0.8762,0.8946,0.1123,0.6437
3715,定穎投資控股股份有限公司,TWSE,3715.TW,2026-09-24,1.5103,-1.3813,0.2536,1.3274,-1.6541,1.1778,1.2992,-0.3136,0.928
3716,中化控股股份有限公司,TWSE,3716.TW,2026-09-24,0.0706,0.0566,0.0262,0.1035,0.0644,0.1057,0.1064,-0.0169,0.0898
3717,聯嘉光電投資控股股份有限公司,TWSE,3717.TW,2026-09-24,0.9306,-0.5691,0.162,0.7201,-0.1983,0.6458,0.6663,-0.0722,0.4833
4104,佳醫健康事業股份有限公司,TWSE,4104.TW,2026-09-24,0.0409,0.1714,0.0215,0.0335,-0.074,0.0443,0.0638,-0.1606,0.0598
4106,雃博股份有限公司,TWSE,4106.TW,2026-09-24,0.2156,0.2654,0.0491,0.1106,0.1785,0.1119,0.1153,0.0687,0.096
4108,懷特生技新藥股份有限公司,TWSE,4108.TW,2026-09-24,0.3324,-0.1866,0.0675,0.2337,-0.3698,0.2197,0.2877,-0.4617,0.2172
4119,旭富製藥科技股份有限公司,TWSE,4119.TW,2026-09-24,0.1726,1.0958,0.0423,0.0684,0.2222,0.0749,0.1872,-0.1388,0.1466
4133,亞諾法生技股份有限公司,TWSE,4133.TW,2026-09-24,-0.1476,0.0283,-0.0083,-0.0125,-0.1852,0.004,0.1366,-0.2858,0.111
4137,麗豐股份有限公司,TWSE,4137.TW,2026-09-24,0.2073,-1.1775,0.0477,0.1715,-0.624,0.1652,0.1857,-0.3272,0.1455
4142,國光生物科技股份有限公司,TWSE,4142.TW,2026-09-24,0.281,0.0714,0.0594,0.1543,-0.2274,0.1502,0.1424,-0.0924,0.1151
4148,全宇生技控股有限公司,TWSE,4148.TW,2026-09-24,0.1281,0.4495,0.0352,0.0966,-0.567,0.0996,-0.0294,-0.091,-0.0057
4155,訊映光電股份有限公司,TWSE,4155.TW,2026-09-24,0.215,-0.1387,0.049,0.0285,0.2366,0.04,0.123,-0.0782,0.1014
4164,承業生醫投資控股股份有限公司,TWSE,4164.TW,2026-09-24,0.2914,-0.3303,0.061,0.1714,-0.3765,0.1651,0.2365,-0.7066,0.1812
4169,泰宗生物科技股份有限公司,TWSE,4169.TW,2026-09-24,0.8888,-1.1632,0.1554,0.3572,-0.4038,0.3279,0.3483,0.225,0.2598
4178,永笙生技股份有限公司,TWSE,4178.TW,2026-09-24,0.1055,-0.2986,0.0317,0.1783,-0.9977,0.1712,0.2271,-0.4799,0.1746
4190,佐登妮絲集團股份有限公司,TWSE,4190.TW,2026-09-24,0.3203,0.0628,0.0656,0.2236,-0.3051,0.2109,0.1568,-0.3749,0.1252
4195,基龍米克斯生物科技股份有限公司,TWSE,4195.TW,2026-09-24,0.1678,-0.2289,0.0415,0.0841,-1.2022,0.0887,0.0433,-0.5373,0.0454
4306,炎洲股份有限公司,TWSE,4306.TW,2026-09-24,0.3282,-0.2195,0.0668,0.2091,0.07,0.1982,0.1963,-0.0343,0.153
4414,如興股份有限公司,TWSE,4414.TW,2026-09-24,0.1746,-0.1269,0.0426,0.1408,-0.8349,0.1383,0.1701,-0.4076,0.1345
4426,利勤實業股份有限公司,TWSE,4426.TW,2026-09-24,0.233,-0.0888,0.0518,0.1956,-0.4036,0.1863,0.1232,-0.3295,0.1016
4438,廣越企業股份有限公司,TWSE,4438.TW,2026-09-24,0.1027,-0.0096,0.0312,0.1996,-0.043,0.1898,0.2348,-0.3112,0.18
4439,冠星集團控股有限公司,TWSE,4439.TW,2026-09-24,0.0546,0.4255,0.0236,0.2092,0.2219,0.1983,0.2364,-0.0652,0.1811
4440,宜新實業股份有限公司,TWSE,4440.TW,2026-09-24,0.1556,0.0696,0.0396,0.0668,-0.0039,0.0735,0.1193,0.0318,0.0988
4441,振大環球股份有限公司,TWSE,4441.TW,2026-09-24,0.3918,-0.2714,0.0769,0.409,-0.3893,0.3733,0.4555,-0.6401,0.3351
4526,東台精機股份有限公司,TWSE,4526.TW,2026-09-24,0.9683,-0.9967,0.1679,0.8072,-0.5593,0.7221,0.8301,-0.5018,0.5984
4532,瑞智精密股份有限公司,TWSE,4532.TW,2026-09-24,0.2974,-0.5444,0.062,0.3287,-0.1942,0.3029,0.2882,-0.0794,0.2175
4536,拓凱實業股份有限公司,TWSE,4536.TW,2026-09-24,0.0482,0.1447,0.0226,0.0995,0.2324,0.1022,0.1989,-0.2188,0.1548
4540,全球傳動科技股份有限公司,TWSE,4540.TW,2026-09-24,1.0944,0.2249,0.1879,0.9124,0.2224,0.8143,0.9167,-0.0807,0.6592
4545,銘鈺精密工業股份有限公司,TWSE,4545.TW,2026-09-24,0.537,-0.5653,0.0998,0.6212,-0.2518,0.5592,0.5691,-0.2747,0.4149
4551,智伸科技股份有限公司,TWSE,4551.TW,2026-09-24,1.1619,-1.3417,0.1985,0.9768,-0.1218,0.8707,0.8814,-0.2203,0.6344
4552,力達控股有限公司,TWSE,4552.TW,2026-09-24,0.3346,-1.0829,0.0678,0.2517,-0.8169,0.2355,0.2584,-0.5185,0.1966
4555,台灣氣立股份有限公司,TWSE,4555.TW,2026-09-24,0.9083,-0.7091,0.1585,0.9182,-0.2956,0.8193,0.8229,-0.4976,0.5933
4557,永新控股股份有限公司,TWSE,4557.TW,2026-09-24,0.2031,0.1951,0.0471,0.151,-0.2931,0.1473,0.2162,-0.5318,0.1669
4560,強信機械科技股份有限公司,TWSE,4560.TW,2026-09-24,0.0437,-0.1933,0.0219,0.1159,-0.1386,0.1165,0.1577,-0.1458,0.1258
4562,穎漢科技股份有限公司,TWSE,4562.TW,2026-09-24,0.7036,-0.5304,0.1261,0.6246,-0.3752,0.5622,0.7326,-0.7715,0.5299
4564,元翎精密工業股份有限公司,TWSE,4564.TW,2026-09-24,0.5428,-0.0016,0.1007,0.3996,-0.598,0.3651,0.3861,-0.3775,0.2863
4566,時碩工業股份有限公司,TWSE,4566.TW,2026-09-24,0.7294,0.8199,0.1302,0.7294,0.1285,0.654,0.7096,-0.0378,0.5137
4569,六方科技股份有限公司,TWSE,4569.TW,2026-09-24,0.5916,-0.4097,0.1084,0.6839,-0.0032,0.6141,0.6638,-0.302,0.4815
4571,鈞興機電國際股份有限公司,TWSE,4571.TW,2026-09-24,0.8163,-0.467,0.1439,0.7035,-0.3861,0.6313,0.7598,-0.545,0.549
4572,駐龍精密機械股份有限公司,TWSE,4572.TW,2026-09-24,0.3397,-0.0893,0.0687,0.2286,-0.1595,0.2153,0.3279,-0.3487,0.2454
4576,大銀微系統股份有限公司,TWSE,4576.TW,2026-09-24,1.2919,0.2355,0.2191,1.2723,0.3037,1.1295,1.1273,0.0664,0.8072
4581,World Known MFG(Cayman)Limited,TWSE,4581.TW,2026-09-24,0.1118,0.0404,0.0327,0.0717,0.0168,0.0778,0.121,-0.1363,0.1
4582,聚恆科技股份有限公司,TWSE,4582.TW,2026-09-24,0.3261,-0.3594,0.0665,0.2532,-0.4709,0.2368,0.2778,0.3257,0.2102
4583,台灣精銳科技股份有限公司,TWSE,4583.TW,2026-09-24,0.7869,-1.4621,0.1393,0.7703,-1.3989,0.6898,0.8225,-0.9514,0.593
4585,達明機器人股份有限公司,TWSE,4585.TW,2026-09-24,0.6786,-0.2032,0.1222,0.7758,-0.5299,0.6946,0.8293,-1.0127,0.5978
4588,玖鼎電力資訊股份有限公司,TWSE,4588.TW,2026-09-24,0.4926,-0.2465,0.0928,0.5077,-0.3853,0.4597,0.5176,-0.3844,0.3788
4590,富田電機股份有限公司,TWSE,4590.TW,2026-09-24,0.6037,0.611,0.1104,0.4622,0.1842,0.4199,0.4578,-0.1938,0.3367
4720,德淵企業股份有限公司,TWSE,4720.TW,2026-09-24,0.8475,-0.9764,0.1489,0.89,-0.3932,0.7946,0.871,-0.2708,0.6271
4722,國精化學股份有限公司,TWSE,4722.TW,2026-09-24,1.2731,-1.6782,0.2161,1.0328,-0.3171,0.9197,1.2197,-0.5645,0.8722
4736,泰博科技股份有限公司,TWSE,4736.TW,2026-09-24,0.1726,0.7723,0.0423,0.1285,0.3109,0.1276,0.1979,0.107,0.1541
4737,華廣生技股份有限公司,TWSE,4737.TW,2026-09-24,0.0638,-0.0048,0.0251,-0.0925,-0.3042,-0.066,-0.0014,-0.0665,0.014
4739,康普材料科技股份有限公司,TWSE,4739.TW,2026-09-24,1.2631,-1.4815,0.2145,1.0862,-0.6618,0.9665,1.0522,-0.4938,0.7545
4746,台耀化學股份有限公司,TWSE,4746.TW,2026-09-24,0.3945,-0.2578,0.0773,0.3148,-0.4267,0.2908,0.3322,-0.4382,0.2485
4755,三福化工股份有限公司,TWSE,4755.TW,2026-09-24,0.8985,-0.5068,0.1569,0.7495,-0.8762,0.6716,0.72,-0.4566,0.521
4763,濟南大自然新材料股份有限公司,TWSE,4763.TW,2026-09-24,0.541,0.1277,0.1005,0.5708,-0.0861,0.515,0.585,-0.5675,0.4261
4764,雙鍵化工股份有限公司,TWSE,4764.TW,2026-09-24,1.6731,-1.9588,0.2793,1.4765,-0.0002,1.3084,1.4391,0.9783,1.0264
4766,南寶樹脂化學工廠股份有限公司,TWSE,4766.TW,2026-09-24,0.3299,-0.1802,0.0671,0.4107,0.0239,0.3748,0.4869,-0.4048,0.3572
4770,上品綜合工業股份有限公司,TWSE,4770.TW,2026-09-24,0.7478,1.1237,0.1331,0.6498,0.0792,0.5842,0.773,-0.4641,0.5582
4771,望隼科技股份有限公司,TWSE,4771.TW,2026-09-24,0.2776,0.5015,0.0588,0.1817,0.3143,0.1742,0.2224,0.1195,0.1713
4807,日成控股股份有限公司,TWSE,4807.TW,2026-09-24,0.2827,-0.9135,0.0597,0.5646,1.2882,0.5096,0.4322,0.3595,0.3187
4904,遠傳電信股份有限公司,TWSE,4904.TW,2026-09-24,-0.2005,0.3041,-0.0167,-0.1085,0.4791,-0.08,-0.0404,0.2907,-0.0134
4906,正文科技股份有限公司,TWSE,4906.TW,2026-09-24,1.3332,-0.4146,0.2256,1.2863,-1.0091,1.1418,1.135,-0.1766,0.8127
4912,聯德控股股份有限公司,TWSE,4912.TW,2026-09-24,0.7275,0.5271,0.1299,0.6791,-0.2482,0.6099,0.8451,-0.1955,0.6089
4915,致伸科技股份有限公司,TWSE,4915.TW,2026-09-24,0.3274,-0.1786,0.0667,0.3374,-0.3507,0.3106,0.4239,-0.4,0.3129
4916,事欣科技股份有限公司,TWSE,4916.TW,2026-09-24,1.1299,-0.4035,0.1935,0.9395,0.7145,0.838,0.944,0.1334,0.6784
4919,新唐科技股份有限公司,TWSE,4919.TW,2026-09-24,1.5991,-0.9292,0.2676,1.7481,-0.3537,1.5463,1.4811,0.0617,1.0559
4927,泰鼎國際股份有限公司,TWSE,4927.TW,2026-09-24,1.3715,-0.2748,0.2316,1.2198,-0.6868,1.0835,1.2348,-0.0652,0.8828
4930,燦星網通股份有限公司,TWSE,4930.TW,2026-09-24,0.2512,-0.235,0.0547,0.2477,-0.6063,0.232,0.1985,-0.4799,0.1545
4934,太極能源科技股份有限公司,TWSE,4934.TW,2026-09-24,0.8457,-1.0145,0.1486,0.8838,-0.9273,0.7892,0.8283,-0.5858,0.5971
4935,茂林光電科技(開曼)股份有限公司,TWSE,4935.TW,2026-09-24,0.4703,-0.4448,0.0893,0.5179,-0.4978,0.4687,0.4713,-0.6102,0.3462
4938,和碩聯合科技股份有限公司,TWSE,4938.TW,2026-09-24,0.5516,0.3759,0.1021,0.4162,0.1158,0.3796,0.3931,0.0855,0.2913
4942,嘉彰股份有限公司,TWSE,4942.TW,2026-09-24,0.1747,-0.5087,0.0426,0.1825,-0.4561,0.1749,0.2633,-0.2517,0.2
4943,開曼康而富控股股份有限公司,TWSE,4943.TW,2026-09-24,0.1748,-1.1366,0.0426,-0.0275,-0.7637,-0.0091,-0.0232,-0.127,-0.0013
4949,有成精密股份有限公司,TWSE,4949.TW,2026-09-24,1.2769,-0.0938,0.2167,1.0111,-0.341,0.9007,0.8219,0.3238,0.5926
4952,凌通科技股份有限公司,TWSE,4952.TW,2026-09-24,1.0454,-0.585,0.1801,0.9977,-0.2351,0.889,0.9372,-0.3362,0.6736
4956,光鋐科技股份有限公司,TWSE,4956.TW,2026-09-24,1.3327,0.7977,0.2255,1.1571,-0.0747,1.0286,0.9735,0.3586,0.6992
4958,臻鼎科技控股股份有限公司,TWSE,4958.TW,2026-09-24,1.605,-0.9578,0.2685,1.3588,0.8233,1.2053,1.2762,0.4611,0.9119
4960,誠美材料科技股份有限公司,TWSE,4960.TW,2026-09-24,1.096,-0.4076,0.1881,1.0273,-0.443,0.9149,0.7689,0.1296,0.5554
4961,天鈺科技股份有限公司,TWSE,4961.TW,2026-09-24,0.6664,0.4422,0.1203,0.6802,-0.0096,0.6109,0.6154,-0.2543,0.4475
4967,十銓科技股份有限公司,TWSE,4967.TW,2026-09-24,0.8234,0.456,0.1451,0.7906,0.061,0.7076,0.9645,0.8506,0.6928
4968,立積電子股份有限公司,TWSE,4968.TW,2026-09-24,0.9124,-0.9045,0.1591,0.8479,-0.8462,0.7578,0.933,-1.014,0.6707
4976,佳凌科技股份有限公司,TWSE,4976.TW,2026-09-24,0.4969,0.0073,0.0935,0.6561,0.1664,0.5897,0.6776,-0.4214,0.4912
4977,眾達科技股份有限公司,TWSE,4977.TW,2026-09-24,1.6179,0.3845,0.2705,1.343,-0.9717,1.1915,1.3997,-0.3329,0.9987
4989,李長榮科技股份有限公司,TWSE,4989.TW,2026-09-24,1.5634,-1.7781,0.2619,1.4041,-1.066,1.245,1.4022,0.2859,1.0004
4994,傳奇網路遊戲股份有限公司,TWSE,4994.TW,2026-09-24,0.0538,-0.3696,0.0235,0.1163,-0.3532,0.1169,0.1463,-0.2179,0.1178
4999,鑫禾科技股份有限公司,TWSE,4999.TW,2026-09-24,0.3033,-0.4352,0.0629,0.2801,-0.545,0.2604,0.2697,-0.5257,0.2045
5007,三星科技股份有限公司,TWSE,5007.TW,2026-09-24,0.0587,-0.0352,0.0243,0.1188,-0.0913,0.1191,0.1485,0.0351,0.1194
5203,訊連科技股份有限公司,TWSE,5203.TW,2026-09-24,0.4839,-0.465,0.0914,0.3948,-0.3776,0.3608,0.4183,-0.7359,0.309
5215,科嘉(開曼)股份有限公司,TWSE,5215.TW,2026-09-24,0.437,-0.4703,0.084,0.425,-0.1513,0.3873,0.3961,-0.077,0.2934
5222,全訊科技股份有限公司,TWSE,5222.TW,2026-09-24,0.8735,-0.3833,0.153,0.7096,-0.6618,0.6366,0.7015,-0.5753,0.508
5225,東科控股股份有限公司,TWSE,5225.TW,2026-09-24,0.3345,-1.1276,0.0678,0.3975,-0.9787,0.3632,0.451,-0.9047,0.332
5234,達興材料股份有限公司,TWSE,5234.TW,2026-09-24,1.0285,-1.3741,0.1775,0.773,-1.002,0.6921,0.9154,-0.8233,0.6583
5236,凌陽創新科技股份有限公司,TWSE,5236.TW,2026-09-24,0.767,-0.9256,0.1361,0.6843,-0.2574,0.6144,0.6487,-0.2368,0.4709
5243,乙盛精密工業股份有限公司,TWSE,5243.TW,2026-09-24,1.1779,-0.4603,0.201,1.1085,-0.8408,0.986,1.1069,-0.4194,0.7929
5244,弘凱光電股份有限公司,TWSE,5244.TW,2026-09-24,0.7732,-0.0382,0.1371,0.4261,-0.5042,0.3883,0.4895,-0.4153,0.359
5258,虹堡科技股份有限公司,TWSE,5258.TW,2026-09-24,0.7642,-0.8332,0.1357,0.4907,-0.5475,0.4449,0.4974,-0.8529,0.3646
5269,祥碩科技股份有限公司,TWSE,5269.TW,2026-09-24,0.2394,0.2094,0.0528,0.6108,0.3621,0.5501,0.8259,-0.3986,0.5954
5283,禾聯碩股份有限公司,TWSE,5283.TW,2026-09-24,0.1797,0.6623,0.0434,0.2137,0.0987,0.2022,0.2496,-0.0659,0.1904
5284,經寶精密控股股份有限公司,TWSE,5284.TW,2026-09-24,1.0261,-0.9531,0.1771,0.9575,-0.4828,0.8538,1.0068,-0.4591,0.7226
5285,界霖科技股份有限公司,TWSE,5285.TW,2026-09-24,1.0986,-0.1206,0.1885,0.6418,0.9742,0.5772,0.6361,0.3389,0.462
5288,開曼商豐祥控股股份有限公司,TWSE,5288.TW,2026-09-24,0.3312,0.3389,0.0673,0.2316,0.5528,0.2179,0.3206,0.437,0.2403
5292,華懋科技股份有限公司,TWSE,5292.TW,2026-09-24,0.7424,0.4428,0.1323,0.5459,-0.0481,0.4932,0.5194,0.2335,0.38
5306,桂盟國際股份有限公司,TWSE,5306.TW,2026-09-24,0.1767,0.2062,0.0429,0.1533,-0.0084,0.1493,0.1921,-0.0386,0.15
5388,中磊電子股份有限公司,TWSE,5388.TW,2026-09-24,0.554,-0.3608,0.1025,0.4712,-0.4382,0.4278,0.4631,-0.5523,0.3405
5434,崇越科技股份有限公司,TWSE,5434.TW,2026-09-24,0.7264,0.1542,0.1297,0.8356,0.4618,0.747,0.9153,0.0332,0.6583
5469,瀚宇博德股份有限公司,TWSE,5469.TW,2026-09-24,0.9691,-0.6697,0.1681,0.894,-0.8187,0.7981,0.9824,-0.7632,0.7054
5471,松翰科技股份有限公司,TWSE,5471.TW,2026-09-24,1.2606,-0.6079,0.2141,1.0248,0.003,0.9127,0.9983,-0.2319,0.7166
5484,慧友電子股份有限公司,TWSE,5484.TW,2026-09-24,0.5997,-0.4899,0.1097,0.5687,-0.525,0.5132,0.7928,-0.4304,0.5722
5515,建國工程股份有限公司,TWSE,5515.TW,2026-09-24,0.2291,1.1551,0.0512,0.1284,0.9199,0.1275,0.1343,0.8834,0.1094
5519,隆大營建事業股份有限公司,TWSE,5519.TW,2026-09-24,0.1747,-0.7104,0.0426,0.0855,-0.3289,0.0899,0.1775,-0.101,0.1397
5521,工信工程股份有限公司,TWSE,5521.TW,2026-09-24,0.3619,0.0768,0.0722,0.1894,-0.4625,0.1809,0.2273,-0.1157,0.1747
5522,遠雄建設事業股份有限公司,TWSE,5522.TW,2026-09-24,0.1126,-0.2589,0.0328,0.0836,-0.2524,0.0882,0.1415,0.0037,0.1144
5525,順天建設股份有限公司,TWSE,5525.TW,2026-09-24,0.1851,0.282,0.0442,0.0653,-0.1604,0.0722,0.1629,-0.317,0.1295
5531,鄉林建設事業股份有限公司,TWSE,5531.TW,2026-09-24,0.0814,-0.4933,0.0279,0.0233,-0.4991,0.0354,0.0178,-0.2872,0.0275
5533,皇鼎建設開發股份有限公司,TWSE,5533.TW,2026-09-24,0.0105,0.1558,0.0167,0.0018,0.0206,0.0166,0.0873,-0.081,0.0764
5534,長虹建設股份有限公司,TWSE,5534.TW,2026-09-24,0.0836,-0.0085,0.0282,-0.0432,0.0978,-0.0228,0.0424,0.0318,0.0448
5538,開曼東明控股股份有限公司,TWSE,5538.TW,2026-09-24,0.1052,0.507,0.0316,0.1258,0.4184,0.1252,0.1749,0.176,0.1379
5546,永固集團股份有限公司,TWSE,5546.TW,2026-09-24,0.108,-0.1975,0.0321,0.1878,-0.2765,0.1795,0.1889,-0.5774,0.1478
5607,遠雄自貿港投資控股股份有限公司,TWSE,5607.TW,2026-09-24,0.2339,0.3321,0.0519,0.2142,0.2163,0.2026,0.3656,-0.126,0.2719
5608,四維航業股份有限公司,TWSE,5608.TW,2026-09-24,0.3276,0.8001,0.0667,0.3401,-0.1363,0.3129,0.3017,-0.1497,0.227
5706,鳳凰國際旅行社股份有限公司,TWSE,5706.TW,2026-09-24,0.147,-0.299,0.0382,0.123,-0.2241,0.1227,0.2106,-0.2219,0.163
5871,中租控股股份有限公司,TWSE,5871.TW,2026-09-24,0.0997,0.0288,0.0307,0.1376,0.0576,0.1355,0.1406,-0.0687,0.1138
5876,上海商業儲蓄銀行股份有限公司,TWSE,5876.TW,2026-09-24,-0.0482,0.844,0.0074,0.006,0.5693,0.0203,0.0154,0.2247,0.0258
5880,合作金庫金融控股股份有限公司,TWSE,5880.TW,2026-09-24,0.0515,0.5073,0.0231,0.076,0.2994,0.0816,0.1132,0.0813,0.0946
5906,台南生活(開曼)股份有限公司,TWSE,5906.TW,2026-09-23,0.3289,0.5537,0.0987,0.1448,-0.2221,0.1372,0.1364,-0.1585,0.1088
5907,Grand Ocean RetailGroupLimited,TWSE,5907.TW,2026-09-24,0.4229,-0.0277,0.0818,0.3055,-0.6112,0.2826,0.2871,-0.3883,0.2168
6005,群益金鼎證券股份有限公司,TWSE,6005.TW,2026-09-24,0.6295,-0.1723,0.1144,0.7598,-0.01,0.6806,0.7474,-0.0434,0.5403
6024,群益期貨股份有限公司,TWSE,6024.TW,2026-09-24,0.3258,0.3791,0.0665,0.285,0.1769,0.2647,0.2561,0.1916,0.195
6108,競國實業股份有限公司,TWSE,6108.TW,2026-09-24,0.5862,1.2851,0.1076,0.6379,0.4385,0.5738,0.4675,0.3189,0.3435
6112,邁達特數位股份有限公司,TWSE,6112.TW,2026-09-24,0.3822,0.5454,0.0754,0.3356,0.0848,0.309,0.5021,-0.3043,0.3679
6115,鎰勝工業股份有限公司,TWSE,6115.TW,2026-09-24,0.1616,-0.1639,0.0405,0.1201,-0.1057,0.1202,0.1345,-0.1096,0.1095
6116,瀚宇彩晶股份有限公司,TWSE,6116.TW,2026-09-24,1.0619,-0.9008,0.1827,1.3014,0.3827,1.155,1.1627,0.0075,0.8321
6117,迎廣科技股份有限公司,TWSE,6117.TW,2026-09-24,0.3742,-0.6126,0.0741,0.5542,-0.6081,0.5005,0.6526,-0.6654,0.4736
6120,達運精密工業股份有限公司,TWSE,6120.TW,2026-09-24,0.6461,-0.433,0.1171,0.7679,-0.544,0.6877,0.8444,-0.4096,0.6084
6128,上福全球科技股份有限公司,TWSE,6128.TW,2026-09-24,0.3179,-0.2214,0.0652,0.287,-0.3567,0.2664,0.3255,-0.5613,0.2438
6133,金橋科技股份有限公司,TWSE,6133.TW,2026-09-24,0.8874,0.5172,0.1552,0.6859,-0.0448,0.6158,0.6238,0.2257,0.4534
6136,富爾特科技股份有限公司,TWSE,6136.TW,2026-09-24,0.1858,0.1283,0.0443,0.1827,0.0184,0.175,0.1681,0.0193,0.1331
6139,亞翔工程股份有限公司,TWSE,6139.TW,2026-09-24,1.357,-0.7389,0.2293,1.0928,0.0748,0.9723,1.0513,0.2751,0.7538
6141,柏承科技股份有限公司,TWSE,6141.TW,2026-09-24,1.1894,1.3338,0.2029,0.9075,1.5265,0.81,0.7463,1.3073,0.5395
6142,友勁科技股份有限公司,TWSE,6142.TW,2026-09-24,0.6429,-0.0273,0.1165,0.4864,-0.409,0.4411,0.5381,-0.4054,0.3932
6152,百一電子股份有限公司,TWSE,6152.TW,2026-09-24,0.6885,0.5664,0.1237,0.5601,-0.5463,0.5056,0.4994,0.3393,0.366
6153,嘉聯益科技股份有限公司,TWSE,6153.TW,2026-09-24,0.8957,-0.7613,0.1565,0.7413,-0.3825,0.6644,0.8155,-0.2777,0.5881
6155,鈞寶電子工業股份有限公司,TWSE,6155.TW,2026-09-24,1.361,-1.6012,0.23,1.0911,0.0891,0.9708,1.066,0.4917,0.7642
6164,華興電子工業股份有限公司,TWSE,6164.TW,2026-09-24,0.8252,-0.7112,0.1453,0.7395,-0.4177,0.6628,0.661,-0.166,0.4795
6165,浪凡網路科技股份有限公司,TWSE,6165.TW,2026-09-24,0.234,0.1296,0.052,0.2012,0.0203,0.1913,0.3414,-0.2362,0.2549
6166,凌華科技股份有限公司,TWSE,6166.TW,2026-09-24,0.5159,0.3079,0.0965,0.7405,1.4048,0.6637,0.7651,0.4489,0.5527
6168,宏齊科技股份有限公司,TWSE,6168.TW,2026-09-24,1.3571,1.6086,0.2294,1.179,0.3167,1.0478,0.9878,0.2812,0.7092
6176,瑞儀光電股份有限公司,TWSE,6176.TW,2026-09-24,0.2062,-0.8627,0.0476,0.1864,-0.5736,0.1783,0.324,-0.8544,0.2427
6177,達麗建設事業股份有限公司,TWSE,6177.TW,2026-09-24,0.1217,0.2845,0.0342,-0.008,0.1457,0.008,0.0957,-0.0284,0.0823
6183,關貿網路股份有限公司,TWSE,6183.TW,2026-09-24,0.0833,0.2187,0.0282,0.0838,0.0077,0.0884,0.1087,-0.1163,0.0914
6184,大豐有線電視股份有限公司,TWSE,6184.TW,2026-09-24,0.0968,-0.2933,0.0303,0.0559,-0.2606,0.064,0.0849,-0.2123,0.0747
6189,豐藝電子股份有限公司,TWSE,6189.TW,2026-09-24,0.5844,-0.3965,0.1073,0.5605,-0.1316,0.506,0.5116,-0.2587,0.3745
6191,精成科技股份有限公司,TWSE,6191.TW,2026-09-24,0.7565,-0.9252,0.1345,0.8239,-0.7287,0.7367,0.9845,-0.9222,0.7069
6192,巨路國際股份有限公司,TWSE,6192.TW,2026-09-24,0.5411,-0.4299,0.1005,0.4516,-0.3526,0.4106,0.4789,-0.1662,0.3516
6196,帆宣系統科技股份有限公司,TWSE,6196.TW,2026-09-24,1.2164,-0.122,0.2071,1.1388,0.63,1.0126,1.1652,0.2063,0.8339
6197,佳必琪國際股份有限公司,TWSE,6197.TW,2026-09-24,1.1491,-0.3194,0.1965,1.0374,0.7862,0.9238,1.0051,0.2067,0.7214
6201,亞弘電科技股份有限公司,TWSE,6201.TW,2026-09-24,0.0355,-0.0207,0.0206,0.0703,-0.1846,0.0766,0.0665,-0.2329,0.0617
6202,盛群半導體股份有限公司,TWSE,6202.TW,2026-09-24,1.3903,-0.3937,0.2346,1.3767,-0.4405,1.221,1.3585,-0.398,0.9697
6205,詮欣股份有限公司,TWSE,6205.TW,2026-09-24,1.1637,-0.0081,0.1988,1.1932,-0.0259,1.0602,0.9562,0.147,0.687
6206,飛捷科技股份有限公司,TWSE,6206.TW,2026-09-24,0.7343,0.6535,0.131,0.7129,0.3579,0.6395,0.6487,-0.0087,0.4709
6209,今國光學工業股份有限公司,TWSE,6209.TW,2026-09-24,1.2757,0.0628,0.2165,1.2918,0.1207,1.1466,1.147,0.2676,0.8211
6213,聯茂電子股份有限公司,TWSE,6213.TW,2026-09-24,1.5611,2.2763,0.2616,1.3676,1.8072,1.213,1.4738,1.0859,1.0508
6214,精誠資訊股份有限公司,TWSE,6214.TW,2026-09-24,0.4335,1.581,0.0835,0.3691,1.0485,0.3383,0.4894,0.2584,0.3589
6215,和椿科技股份有限公司,TWSE,6215.TW,2026-09-24,0.9956,-0.4773,0.1723,0.9108,-0.5946,0.8129,1.0255,-0.8487,0.7357
6216,居易科技股份有限公司,TWSE,6216.TW,2026-09-24,0.2454,-0.4435,0.0538,0.2573,-0.6155,0.2404,0.2994,-0.4905,0.2254
6224,聚鼎科技股份有限公司,TWSE,6224.TW,2026-09-24,1.0269,-0.0616,0.1772,0.9206,1.0758,0.8214,0.8054,0.202,0.581
6225,天瀚科技股份有限公司,TWSE,6225.TW,2026-09-24,-0.4878,4.5634,-0.062,-0.306,2.9447,-0.2531,-0.2202,1.7489,-0.1398
6226,光鼎電子股份有限公司,TWSE,6226.TW,2026-09-24,-0.2725,3.1508,-0.028,-0.0213,3.2279,-0.0037,0.1678,2.1301,0.1329
6230,尼得科超眾科技股份有限公司,TWSE,6230.TW,2026-09-24,0.6726,-0.445,0.1212,0.7407,-1.0336,0.6639,0.8572,-0.7867,0.6174
6235,華孚科技股份有限公司,TWSE,6235.TW,2026-09-24,0.8117,-0.1075,0.1432,0.5999,-0.8112,0.5405,0.7656,-0.9519,0.553
6239,力成科技股份有限公司,TWSE,6239.TW,2026-09-24,1.474,-0.6316,0.2478,1.4117,-0.2217,1.2517,1.4509,-0.056,1.0347
6243,迅杰科技股份有限公司,TWSE,6243.TW,2026-09-24,0.2634,0.1231,0.0566,0.5105,0.4824,0.4622,0.6144,-0.1057,0.4468
6257,矽格股份有限公司,TWSE,6257.TW,2026-09-24,1.527,-0.0253,0.2562,1.3955,-0.0244,1.2375,1.3628,0.2654,0.9727
6269,台郡科技股份有限公司,TWSE,6269.TW,2026-09-24,1.2609,-0.0602,0.2142,1.2366,-0.6829,1.0983,1.0433,-0.5411,0.7482
6271,同欣電子工業股份有限公司,TWSE,6271.TW,2026-09-24,1.5905,-0.9947,0.2662,1.6219,-0.2866,1.4358,1.4737,-0.1318,1.0507
6272,驊陞科技股份有限公司,TWSE,6272.TW,2026-09-24,0.4633,-0.8235,0.0882,0.3769,-0.5471,0.3452,0.4618,-0.9929,0.3395
6277,宏正自動科技股份有限公司,TWSE,6277.TW,2026-09-24,0.2231,0.6153,0.0502,0.2718,0.0438,0.2531,0.2847,0.1128,0.2151
6278,台灣表面黏著科技股份有限公司,TWSE,6278.TW,2026-09-24,1.4102,0.2165,0.2377,1.2628,0.9526,1.1212,1.0265,0.2167,0.7364
6281,全國電子股份有限公司,TWSE,6281.TW,2026-09-24,0.0623,-0.0143,0.0248,0.037,-0.2055,0.0474,0.1079,-0.3244,0.0908
6282,康舒科技股份有限公司,TWSE,6282.TW,2026-09-24,1.2198,-1.2857,0.2077,1.3379,-0.9975,1.187,1.2977,-0.3142,0.927
6283,淳安電子股份有限公司,TWSE,6283.TW,2026-09-24,0.3947,-0.8509,0.0773,0.434,-0.4745,0.3952,0.4283,-0.5301,0.316
6285,啟碁科技股份有限公司,TWSE,6285.TW,2026-09-24,1.4029,-0.2461,0.2366,1.2461,-0.2304,1.1066,1.2205,0.1218,0.8727
6405,悅城科技股份有限公司,TWSE,6405.TW,2026-09-24,1.2594,-1.5138,0.2139,0.9629,-0.3171,0.8585,1.0275,-0.0159,0.7371
6409,旭隼科技股份有限公司,TWSE,6409.TW,2026-09-24,0.6576,-0.8694,0.1189,0.6564,0.0282,0.59,0.8783,-0.5025,0.6322
6412,群光電能科技股份有限公司,TWSE,6412.TW,2026-09-24,0.4404,-1.0331,0.0846,0.6386,-0.3565,0.5744,0.5068,-0.5357,0.3712
6414,樺漢科技股份有限公司,TWSE,6414.TW,2026-09-24,0.6699,0.097,0.1208,0.7091,0.244,0.6362,0.6778,-0.0979,0.4913
6415,矽力杰股份有限公司,TWSE,6415.TW,2026-09-24,1.4885,-1.3883,0.2501,1.5322,-0.125,1.3572,1.3348,-0.1672,0.9531
6416,瑞祺電通股份有限公司,TWSE,6416.TW,2026-09-24,0.5188,1.783,0.0969,0.5189,0.5429,0.4696,0.5331,0.1001,0.3896
6426,統新光訊股份有限公司,TWSE,6426.TW,2026-09-24,1.3769,3.1536,0.2325,1.0583,1.3428,0.9421,1.0783,1.394,0.7728
6431,光麗生技控股股份有限公司,TWSE,6431.TW,2026-09-24,0.2435,-0.1936,0.0535,0.0744,-0.5449,0.0802,0.0787,0.1086,0.0703
6438,迅得機械股份有限公司,TWSE,6438.TW,2026-09-24,0.9783,-0.341,0.1695,0.8271,-0.7832,0.7395,0.8293,-0.5195,0.5978
6442,光紅建聖股份有限公司,TWSE,6442.TW,2026-09-24,1.2819,0.0228,0.2175,1.1331,-1.2027,1.0076,1.2321,0.1988,0.8809
6443,元晶太陽能科技股份有限公司,TWSE,6443.TW,2026-09-24,1.0904,-0.861,0.1872,0.9421,-1.3279,0.8403,0.8445,0.2823,0.6085
6446,藥華醫藥股份有限公司,TWSE,6446.TW,2026-09-24,0.7774,-0.1327,0.1378,0.5138,1.2349,0.4651,0.6478,0.6511,0.4703
6449,鈺邦科技股份有限公司,TWSE,6449.TW,2026-09-24,1.4583,-2.0771,0.2453,1.3485,-0.0834,1.1963,1.3387,-0.5759,0.9558
6451,訊芯科技控股股份有限公司,TWSE,6451.TW,2026-09-24,1.7346,-0.9054,0.289,1.5404,-0.1706,1.3644,1.5116,0.3528,1.0773
6456,GIS Holding Limited,TWSE,6456.TW,2026-09-24,1.3587,1.0256,0.2296,1.0965,0.1227,0.9755,1.1139,-0.2617,0.7978
6464,台灣數位光訊科技股份有限公司,TWSE,6464.TW,2026-09-24,-0.0814,0.2566,0.0021,-0.0584,0.2101,-0.0362,0.036,0.0677,0.0403
6472,保瑞藥業股份有限公司,TWSE,6472.TW,2026-09-24,0.665,0.0868,0.12,0.269,-0.1983,0.2506,0.5009,-0.7171,0.367
6477,安集科技股份有限公司,TWSE,6477.TW,2026-09-24,0.8644,0.0738,0.1515,0.831,-0.4873,0.743,0.7873,-0.6264,0.5683
6491,晶碩光學股份有限公司,TWSE,6491.TW,2026-09-24,0.4179,0.8256,0.081,0.2673,0.5618,0.2492,0.2847,0.1229,0.2151
6504,南六企業股份有限公司,TWSE,6504.TW,2026-09-24,0.2019,0.2718,0.0469,0.1464,-0.2485,0.1432,0.2559,-0.2856,0.1948
6505,台塑石化股份有限公司,TWSE,6505.TW,2026-09-24,0.4777,2.201,0.0905,0.2168,0.9936,0.2049,0.0621,0.9406,0.0586
6515,穎崴科技股份有限公司,TWSE,6515.TW,2026-09-24,1.5091,-1.6685,0.2534,1.2505,-1.0299,1.1104,1.2289,0.4901,0.8786
6525,捷敏股份有限公司,TWSE,6525.TW,2026-09-24,1.118,-0.4325,0.1916,0.9821,0.566,0.8753,0.8727,0.1184,0.6283
6526,達發科技股份有限公司,TWSE,6526.TW,2026-09-24,1.3871,0.783,0.2341,1.4298,0.1795,1.2675,1.1642,-0.1505,0.8332
6531,愛普科技股份有限公司,TWSE,6531.TW,2026-09-24,1.8148,0.2159,0.3016,1.5935,0.7192,1.4109,1.4499,0.4471,1.034
6533,晶心科技股份有限公司,TWSE,6533.TW,2026-09-24,0.8745,1.5331,0.1531,0.9817,0.2986,0.875,0.8556,-0.5513,0.6163
6534,正瀚生技股份有限公司,TWSE,6534.TW,2026-09-24,0.083,0.0654,0.0281,0.1255,-0.0761,0.1249,0.1938,-0.2523,0.1512
6541,泰福生技股份有限公司,TWSE,6541.TW,2026-09-24,0.5334,-1.2516,0.0993,0.423,-0.9832,0.3855,0.4377,-0.7904,0.3226
6550,北極星藥業集團股份有限公司,TWSE,6550.TW,2026-09-23,0.3942,-1.3117,0.1153,0.2313,-1.5839,0.2101,0.3843,-1.5237,0.2793
6552,易華電子股份有限公司,TWSE,6552.TW,2026-09-24,0.6317,-0.8182,0.1148,0.9163,-0.7694,0.8177,0.8065,-0.6019,0.5818
6558,興能高科技股份有限公司,TWSE,6558.TW,2026-09-24,0.8186,-0.7827,0.1443,0.6797,-0.7379,0.6104,0.715,-1.1114,0.5175
6573,虹揚發展科技股份有限公司,TWSE,6573.TW,2026-09-24,1.0038,-1.015,0.1735,0.8248,0.1145,0.7375,0.669,0.2442,0.4852
6579,研揚科技股份有限公司,TWSE,6579.TW,2026-09-24,0.7878,-0.0646,0.1394,0.693,0.2057,0.6221,0.6643,-0.0861,0.4819
6581,台灣鋼聯股份有限公司,TWSE,6581.TW,2026-09-24,0.0133,0.062,0.0171,0.0648,-0.0091,0.0718,0.1131,-0.0244,0.0945
6582,申豐特用應材股份有限公司,TWSE,6582.TW,2026-09-24,0.1665,-0.2723,0.0413,0.1106,-0.2753,0.1119,0.056,0.0696,0.0544
6585,鼎基先進材料股份有限公司,TWSE,6585.TW,2026-09-24,0.8566,-0.9311,0.1503,0.4784,0.0235,0.4341,0.4684,-0.1644,0.3442
6589,台康生技股份有限公司,TWSE,6589.TW,2026-09-24,0.3786,0.2824,0.0748,0.2294,-0.341,0.216,0.2614,-0.3739,0.1987
6591,動力科技股份有限公司,TWSE,6591.TW,2026-09-24,0.4497,-0.5893,0.086,0.5397,-0.9089,0.4878,0.5816,-0.8903,0.4237
6592,和潤企業股份有限公司,TWSE,6592.TW,2026-09-24,0.1324,-0.109,0.0359,0.1366,-0.1307,0.1347,0.1615,-0.2043,0.1285
6598,Applied BioCode Corporation,TWSE,6598.TW,2026-09-24,0.1264,0.9464,0.035,0.1003,0.3552,0.1029,0.2842,0.0231,0.2147
6605,帝寶工業股份有限公司,TWSE,6605.TW,2026-09-24,0.1457,0.3512,0.038,0.0935,0.162,0.0969,0.1878,0.0246,0.147
6606,建德工業股份有限公司,TWSE,6606.TW,2026-09-24,0.1337,0.0274,0.0361,0.1184,0.0754,0.1187,0.1885,-0.0879,0.1475
6614,資拓宏宇國際股份有限公司,TWSE,6614.TW,2026-09-24,0.2212,-0.3035,0.0499,0.1436,-0.2751,0.1408,0.1997,-0.7559,0.1553
6625,必應創造股份有限公司,TWSE,6625.TW,2026-09-24,0.205,-0.2521,0.0474,0.1762,-0.0694,0.1694,0.2314,-0.1924,0.1776
6641,基士德科技股份有限公司,TWSE,6641.TW,2026-09-24,0.2813,-0.1953,0.0594,0.1912,-0.2873,0.1825,0.2631,-0.2742,0.1999
6645,金萬林企業股份有限公司,TWSE,6645.TW,2026-09-24,0.2049,-0.9545,0.0474,0.1561,-0.1813,0.1517,0.1871,-0.716,0.1465
6655,科定企業股份有限公司,TWSE,6655.TW,2026-09-23,0.0255,0.231,0.0215,0.1585,-0.0898,0.1487,0.2144,-0.002,0.1625
6657,華安醫學股份有限公司,TWSE,6657.TW,2026-09-24,0.711,-0.3658,0.1273,0.6133,-0.8976,0.5523,0.531,-0.782,0.3882
6658,聯策科技股份有限公司,TWSE,6658.TW,2026-09-24,1.2469,-1.5183,0.2119,1.0099,1.3351,0.8997,0.8448,0.8164,0.6087
6666,羅麗芬控股股份有限公司,TWSE,6666.TW,2026-09-24,0.1424,0.3042,0.0375,0.112,0.2554,0.1131,0.1979,-0.1931,0.1541
6668,中揚光電股份有限公司,TWSE,6668.TW,2026-09-24,0.5177,0.9863,0.0968,0.5515,0.3695,0.4981,0.6102,-0.1995,0.4438
6669,緯穎科技服務股份有限公司,TWSE,6669.TW,2026-09-24,1.1818,0.9508,0.2017,1.2024,0.4895,1.0683,1.1651,0.1267,0.8338
6670,復盛應用科技股份有限公司,TWSE,6670.TW,2026-09-24,-0.0422,0.3813,0.0083,0.1596,0.1506,0.1548,0.2157,-0.0063,0.1666
6671,三能集團控股股份有限公司,TWSE,6671.TW,2026-09-24,0.0156,-0.1069,0.0175,0.0697,-0.5353,0.0761,0.0763,-0.4597,0.0686
6672,騰輝電子國際集團股份有限公司,TWSE,6672.TW,2026-09-24,1.4928,0.6329,0.2508,1.2656,1.2063,1.1237,1.0719,0.8074,0.7683
6674,鋐寶科技股份有限公司,TWSE,6674.TW,2026-09-24,0.3125,0.3116,0.0644,0.3377,-0.1969,0.3108,0.342,-0.3345,0.2553
6689,伊雲谷數位科技股份有限公司,TWSE,6689.TW,2026-09-24,0.3996,0.2432,0.0781,0.3896,-0.5214,0.3563,0.3659,-0.3094,0.2721
6691,洋基工程股份有限公司,TWSE,6691.TW,2026-09-24,1.0109,-0.0337,0.1747,0.7989,0.0249,0.7148,0.8325,0.0816,0.6001
6695,芯鼎科技股份有限公司,TWSE,6695.TW,2026-09-24,1.1636,-0.7739,0.1988,1.1259,-0.2357,1.0013,1.0197,-0.5983,0.7316
6698,旭暉應用材料股份有限公司,TWSE,6698.TW,2026-09-24,0.8336,-1.225,0.1467,0.7091,-0.3379,0.6362,0.7702,-0.5192,0.5563
6706,惠特科技股份有限公司,TWSE,6706.TW,2026-09-24,1.4118,-0.0969,0.238,1.2888,-0.4447,1.144,1.2025,0.0624,0.8601
6715,嘉基科技股份有限公司,TWSE,6715.TW,2026-09-24,1.3568,0.523,0.2293,1.2951,0.1947,1.1495,1.0637,1.294,0.7625
6719,力智電子股份有限公司,TWSE,6719.TW,2026-09-24,1.1296,-1.9594,0.1934,1.1523,-0.4699,1.0244,0.9477,-0.6153,0.681
6722,輝創電子股份有限公司,TWSE,6722.TW,2026-09-24,0.3487,-0.2684,0.0701,0.326,-0.5274,0.3006,0.2293,-0.5564,0.1761
6742,澤米科技股份有限公司,TWSE,6742.TW,2026-09-24,1.1238,-0.8062,0.1925,0.8835,0.078,0.7889,0.8844,-0.4391,0.6365
6743,安普新股份有限公司,TWSE,6743.TW,2026-09-24,0.3519,0.2449,0.0706,0.3249,0.6826,0.2996,0.3619,-0.1179,0.2693
6753,龍德造船工業股份有限公司,TWSE,6753.TW,2026-09-24,0.8237,-0.223,0.1451,0.6839,-0.3555,0.6141,0.6845,-0.4172,0.496
6754,匯僑室內裝修設計股份有限公司,TWSE,6754.TW,2026-09-24,0.105,0.0163,0.0316,0.1368,-0.1083,0.1348,0.1489,-0.1602,0.1196
6756,威鋒電子股份有限公司,TWSE,6756.TW,2026-09-24,0.9667,-0.0306,0.1677,1.0601,-0.0911,0.9436,1.0354,-0.4941,0.7427
6757,台灣虎航股份有限公司,TWSE,6757.TW,2026-09-24,0.2258,-0.4143,0.0507,0.3137,0.0519,0.2898,0.2867,-0.5017,0.2165
6768,志強國際企業股份有限公司,TWSE,6768.TW,2026-09-24,0.1923,-0.667,0.0454,0.244,-0.6561,0.2287,0.3404,-0.6411,0.2542
6770,力晶積成電子製造股份有限公司,TWSE,6770.TW,2026-09-24,1.6816,-0.1361,0.2806,1.6099,-0.5088,1.4253,1.6685,0.3132,1.1876
6771,平和環保科技股份有限公司,TWSE,6771.TW,2026-09-24,0.0247,0.3409,0.0189,0.0674,0.0291,0.074,0.0822,-0.1741,0.0728
6776,展碁國際股份有限公司,TWSE,6776.TW,2026-09-24,0.4461,-0.1609,0.0855,0.4071,-0.4131,0.3716,0.5215,-0.2784,0.3815
6781,"AES Holding Co., Ltd.",TWSE,6781.TW,2026-09-24,1.2199,-0.6593,0.2077,1.2361,-0.7801,1.0978,1.0979,-0.6759,0.7866
6782,視陽光學股份有限公司,TWSE,6782.TW,2026-09-24,0.3767,0.9864,0.0745,0.1473,0.4746,0.144,0.214,0.148,0.1654
6789,采鈺科技股份有限公司,TWSE,6789.TW,2026-09-24,1.6579,-0.6646,0.2769,1.4905,-0.2904,1.3207,1.4082,-0.3009,1.0046
6790,永豐餘消費品實業股份有限公司,TWSE,6790.TW,2026-09-24,-0.0362,-0.0126,0.0093,0.0107,-0.0242,0.0244,0.0664,0.0102,0.0617
6792,詠業科技股份有限公司,TWSE,6792.TW,2026-09-24,0.7409,-0.5039,0.132,0.6419,-0.2481,0.5773,0.6468,-0.3254,0.4696
6794,向榮生醫科技股份有限公司,TWSE,6794.TW,2026-09-24,0.1338,-0.3018,0.0361,0.0719,-0.2591,0.078,0.1459,-0.2241,0.1175
6796,晉弘科技股份有限公司,TWSE,6796.TW,2026-09-24,0.4661,-0.4569,0.0886,0.3638,-0.9678,0.3337,0.3326,-0.5316,0.2487
6799,來頡科技股份有限公司,TWSE,6799.TW,2026-09-24,1.2332,-0.4982,0.2098,1.116,-0.4297,0.9926,1.0116,-0.5402,0.7259
6805,富世達股份有限公司,TWSE,6805.TW,2026-09-24,1.5924,1.7709,0.2665,1.2382,-0.1894,1.0997,1.2536,0.3539,0.896
6807,峰源集團股份有限公司,TWSE,6807.TW,2026-09-23,0.0908,-0.062,0.0381,0.0106,-0.3733,0.0239,0.0525,-0.3897,0.0511
6830,汎銓科技股份有限公司,TWSE,6830.TW,2026-09-24,1.3704,0.7794,0.2315,1.2479,-0.8066,1.1082,0.9384,0.8835,0.6745
6831,邁&#33834;科技股份有限公司,TWSE,6831.TW,2026-09-24,1.5424,-2.3852,0.2586,1.2181,-0.2054,1.0821,1.1113,0.6083,0.796
6834,天二科技股份有限公司,TWSE,6834.TW,2026-09-24,1.5791,-0.3182,0.2644,1.4293,1.9179,1.2671,1.1844,0.8881,0.8474
6835,圓裕企業股份有限公司,TWSE,6835.TW,2026-09-24,0.395,-0.4411,0.0774,0.3184,-0.5636,0.2939,0.3507,-0.4215,0.2615
6838,台新藥股份有限公司,TWSE,6838.TW,2026-09-24,0.2227,0.2895,0.0502,0.2061,-0.3206,0.1955,0.2774,-0.316,0.2099
6854,PlayNitride Inc.,TWSE,6854.TW,2026-09-24,0.9031,-1.1985,0.1576,0.7478,-1.4066,0.6701,0.837,-0.9916,0.6032
6861,睿生光電股份有限公司,TWSE,6861.TW,2026-09-24,1.246,-0.5314,0.2118,1.3245,0.8639,1.1753,1.1697,1.0524,0.837
6862,三集瑞科技國際集團股份有限公司,TWSE,6862.TW,2026-09-24,1.1971,-1.3854,0.2041,1.113,-0.9751,0.99,1.2105,-0.6803,0.8657
6863,Arizon RFID Technology,TWSE,6863.TW,2026-09-24,0.5441,0.3634,0.1009,0.542,-0.1386,0.4898,0.6258,-0.698,0.4548
6869,雲豹能源科技股份有限公司,TWSE,6869.TW,2026-09-24,0.414,0.115,0.0804,0.4107,-0.6443,0.3748,0.4878,-0.7706,0.3578
6873,泓德能源科技股份有限公司,TWSE,6873.TW,2026-09-24,0.6315,-0.6712,0.1147,0.5953,-0.7743,0.5365,0.6345,-0.9157,0.4609
6885,全福生物科技股份有限公司,TWSE,6885.TW,2026-09-24,0.4458,1.6955,0.0854,0.3241,0.2775,0.2989,0.2569,-0.1301,0.1955
6887,寶綠特資源再生工程股份有限公司,TWSE,6887.TW,2026-09-24,0.1522,0.6873,0.039,-0.0172,-0.0567,-0.0001,0.0926,-0.5564,0.0801
6890,來億興業股份有限公司,TWSE,6890.TW,2026-09-24,0.142,-1.1392,0.0374,0.0406,-0.0424,0.0506,0.0362,-0.208,0.0404
6901,鑽石生技投資股份有限公司,TWSE,6901.TW,2026-09-24,0.4932,-0.6239,0.0929,0.2964,0.0895,0.2746,0.3629,-0.3665,0.27
6902,走著瞧股份有限公司,TWSE,6902.TW,2026-09-24,0.5868,1.2103,0.1077,0.3855,1.6656,0.3527,0.2675,0.8122,0.203
6906,現觀科技股份有限公司,TWSE,6906.TW,2026-09-24,0.3996,-0.2289,0.0781,0.5052,0.1666,0.4576,0.5541,-0.5359,0.4044
6908,宏碁遊戲股份有限公司,TWSE,6908.TW,2026-09-24,0.3236,-0.9961,0.0661,0.3268,-0.759,0.3013,0.255,-0.8217,0.1942
6909,創控科技股份有限公司,TWSE,6909.TW,2026-09-24,0.9107,-1.6419,0.1588,0.8661,-0.8789,0.7737,0.916,-0.4981,0.6587
6914,阜爾運通股份有限公司,TWSE,6914.TW,2026-09-24,0.0908,0.2335,0.0293,0.1178,-0.0482,0.1182,0.1789,-0.0463,0.1407
6916,華凌光電股份有限公司,TWSE,6916.TW,2026-09-24,0.654,-0.4539,0.1183,0.7568,-0.4609,0.678,0.6131,-0.344,0.4459
6918,愛派司生技股份有限公司,TWSE,6918.TW,2026-09-24,0.4112,0.0699,0.0799,0.2931,-0.3529,0.2718,0.2596,-0.293,0.1974
6919,康霈生技股份有限公司,TWSE,6919.TW,2026-09-24,0.2807,-0.7717,0.0593,0.4614,-0.5781,0.4192,0.4998,-1.0189,0.3662
6921,嘉雨思科技股份有限公司,TWSE,6921.TW,2026-09-24,0.7743,-0.3045,0.1373,0.5866,-0.5899,0.5289,,,
6923,中台資源科技股份有限公司,TWSE,6923.TW,2026-09-24,0.2608,0.0957,0.0562,0.2055,-0.0285,0.195,0.3228,-0.5339,0.2419
6924,榮惠集團(開曼)股份有限公司,TWSE,6924.TW,2026-09-24,0.5621,1.0625,0.1038,0.236,1.2897,0.2217,0.216,1.0107,0.1668
6928,攸泰科技股份有限公司,TWSE,6928.TW,2026-09-24,0.6981,-0.6586,0.1253,0.6621,-0.5154,0.595,0.713,-0.686,0.5161
6931,青松健康股份有限公司,TWSE,6931.TW,2026-09-24,0.4029,-0.2072,0.0786,0.2618,-0.7398,0.2443,0.2775,-0.4354,0.21
6933,艾瑪斯科技控股股份有限公司,TWSE,6933.TW,2026-09-24,1.1329,4.5438,0.1939,1.0242,1.603,0.9122,1.1192,0.2742,0.8015
6934,心誠鎂行動醫電股份有限公司,TWSE,6934.TW,2026-09-24,0.2592,0.6685,0.0559,0.1246,-0.2219,0.1241,0.3224,0.1175,0.2416
6936,永鴻國際生技股份有限公司,TWSE,6936.TW,2026-09-24,0.154,-0.1351,0.0393,0.1202,-0.1811,0.1203,0.0816,-0.0904,0.0723
6937,天虹科技股份有限公司,TWSE,6937.TW,2026-09-24,1.225,0.4316,0.2085,1.1041,-0.2996,0.9822,1.0675,-0.3556,0.7652
6944,兆聯實業股份有限公司,TWSE,6944.TW,2026-09-24,1.0964,0.1365,0.1882,0.8938,-0.136,0.798,0.9549,0.1464,0.6861
6947,台鎔科技材料股份有限公司,TWSE,6947.TW,2026-09-24,0.3548,-1.175,0.071,0.2323,-0.4454,0.2185,0.245,-0.277,0.1872
6949,沛爾生技醫藥股份有限公司,TWSE,6949.TW,2026-09-24,0.2065,-3.2505,0.0476,0.2257,-0.6924,0.2127,0.362,-0.0873,0.2694
6951,青新環境工程股份有限公司,TWSE,6951.TW,2026-09-24,0.1692,-0.0035,0.0417,0.1233,-0.0059,0.123,0.1541,0.0039,0.1233
6952,大武山牧場科技股份有限公司,TWSE,6952.TW,2026-09-24,0.358,0.2647,0.0715,0.215,-0.1451,0.2033,0.2167,-0.3235,0.1673
6955,邦睿生技股份有限公司,TWSE,6955.TW,2026-09-24,0.3157,-0.2022,0.0649,0.1988,-0.8369,0.1891,0.1439,-0.466,0.1161
6957,裕慶金屬股份有限公司,TWSE,6957.TW,2026-09-24,0.6231,2.211,0.1134,0.4403,1.2056,0.4007,0.4062,0.4388,0.3005
6958,日盛台駿國際租賃股份有限公司,TWSE,6958.TW,2026-09-24,0.1048,0.352,0.0316,0.1573,-0.0649,0.1528,0.3666,-0.2082,0.2726
6962,ITH Corporation,TWSE,6962.TW,2026-09-24,0.8136,-0.6981,0.1435,0.7196,-0.5365,0.6454,0.683,-0.6775,0.495
6965,中傑投資控股股份有限公司,TWSE,6965.TW,2026-09-24,0.2045,-0.5819,0.0473,0.1201,-0.4772,0.1202,0.1285,-0.3899,0.1053
6969,成信實業股份有限公司,TWSE,6969.TW,2026-09-24,1.0649,1.2287,0.1832,0.6207,-0.187,0.5587,0.5567,-0.4983,0.4062
6988,威力暘電子股份有限公司,TWSE,6988.TW,2026-09-24,0.2428,-0.609,0.0534,0.0556,-0.5645,0.0637,0.1629,-0.4029,0.1295
6994,富威電力股份有限公司,TWSE,6994.TW,2026-09-24,0.4079,-1.9775,0.0794,0.462,-2.1425,0.4197,0.4672,-1.5069,0.3433
7610,聯友金屬科技股份有限公司,TWSE,7610.TW,2026-09-24,1.2944,-0.1039,0.2195,1.2653,3.1223,1.1234,1.1974,2.7923,0.8565
7631,聚賢研發股份有限公司,TWSE,7631.TW,2026-09-24,0.6074,-0.6398,0.1109,0.4283,0.21,0.3902,0.3782,-0.199,0.2808
7689,大鵬科技股份有限公司,TWSE,7689.TW,2026-09-24,0.6137,-1.6073,0.1119,0.5888,-0.4763,0.5308,,,
7705,三商餐飲股份有限公司,TWSE,7705.TW,2026-09-24,0.1769,-0.1161,0.0429,0.1395,-0.3142,0.1372,0.1571,-0.4056,0.1254
7711,永擎電子股份有限公司,TWSE,7711.TW,2026-09-24,1.0968,2.4188,0.1882,1.0386,0.9372,0.9248,,,
7721,微程式資訊股份有限公司,TWSE,7721.TW,2026-09-24,0.771,-0.5785,0.1368,0.6884,-0.9162,0.618,0.5186,-0.2164,0.3795
7722,連加網路商業股份有限公司,TWSE,7722.TW,2026-09-24,0.4121,-0.6165,0.0801,0.3273,-0.3583,0.3017,0.4423,-1.0419,0.3258
7730,暉盛科技股份有限公司,TWSE,7730.TW,2026-09-24,1.0013,-0.138,0.1732,0.6844,-0.2637,0.6145,0.5008,0.2054,0.3669
7732,金興精密工業股份有限公司,TWSE,7732.TW,2026-09-24,0.2223,-0.2684,0.0501,0.1458,-0.1406,0.1427,0.2266,-0.1883,0.1742
7736,虎山實業股份有限公司,TWSE,7736.TW,2026-09-24,0.0169,-0.1241,0.0177,0.08,-0.3712,0.0851,0.2544,-0.4082,0.1938
7740,熙特爾新能源股份有限公司,TWSE,7740.TW,2026-09-24,0.2766,-0.6684,0.0587,0.3914,-0.853,0.3579,0.474,-0.7308,0.3481
7749,意騰科技股份有限公司,TWSE,7749.TW,2026-09-24,0.933,-0.2664,0.1624,0.9541,-0.4137,0.8508,0.9936,-0.8146,0.7133
7750,新代科技股份有限公司,TWSE,7750.TW,2026-09-24,1.2547,-0.1288,0.2132,0.9259,0.2592,0.8261,0.8545,0.4332,0.6155
7760,享溫馨企業股份有限公司,TWSE,7760.TW,2026-09-24,0.0287,-0.1872,0.0195,0.0691,-0.3272,0.0755,0.1195,-0.1372,0.099
7765,中華資安國際股份有限公司,TWSE,7765.TW,2026-09-24,0.1064,0.4345,0.0318,0.1861,0.1627,0.178,0.251,-0.3335,0.1914
7768,頌勝科技材料股份有限公司,TWSE,7768.TW,2026-09-24,1.1016,-0.4576,0.189,0.8761,-1.401,0.7825,0.8348,0.1032,0.6017
7769,鴻勁精密股份有限公司,TWSE,7769.TW,2026-09-24,1.5688,-0.7956,0.2628,1.2578,-0.0148,1.1168,1.2929,0.5399,0.9236
7780,大研生醫國際股份有限公司,TWSE,7780.TW,2026-09-24,0.3058,-0.4693,0.0633,0.1804,-0.7113,0.173,1.809,7.6856,1.2863
7786,東方風能科技股份有限公司,TWSE,7786.TW,2026-09-24,0.277,0.0596,0.0588,0.2448,-0.2225,0.2294,0.3876,-0.9307,0.2874
7788,松川精密股份有限公司,TWSE,7788.TW,2026-09-24,1.2264,0.6667,0.2087,0.5613,1.4349,0.5067,0.8743,0.3103,0.6294
7791,皇家可口股份有限公司,TWSE,7791.TW,2026-09-24,0.0617,-0.429,0.0247,0.1112,-0.2895,0.1124,,,
7795,長廣精機股份有限公司,TWSE,7795.TW,2026-09-24,1.3281,-0.7547,0.2248,1.1818,0.174,1.0503,1.2053,0.2681,0.8621
7799,禾榮科技股份有限公司,TWSE,7799.TW,2026-09-24,0.7426,1.0777,0.1323,0.5697,0.5016,0.5141,0.6927,-0.5858,0.5018
7803,雲象科技股份有限公司,TWSE,7803.TW,2026-09-24,0.5362,-1.1874,0.0997,,,,,,
7818,溢泰實業股份有限公司,TWSE,7818.TW,2026-09-24,0.1157,-0.2384,0.0333,0.1772,-1.0107,0.1702,0.1414,-0.592,0.1144
7821,神達數位股份有限公司,TWSE,7821.TW,2026-09-24,0.2877,-0.5863,0.0604,0.2639,-1.2607,0.2462,0.3247,-0.5963,0.2432
7822,倍利科技股份有限公司,TWSE,7822.TW,2026-09-24,1.2048,-0.9396,0.2053,1.2116,-1.9935,1.0764,1.1647,0.0054,0.8335
7823,奧義賽博科技股份有限公司,TWSE,7823.TW,2026-09-24,0.3808,0.138,0.0751,0.3063,-0.2402,0.2833,,,
7827,英屬開曼群島商漢康生技(股)公司,TWSE,7827.TW,2026-09-24,0.4382,-0.1534,0.0842,0.3101,0.3991,0.2866,0.3086,0.7125,0.2319
8011,台通光電股份有限公司,TWSE,8011.TW,2026-09-24,0.4708,-0.4237,0.0894,0.4789,-0.7891,0.4345,0.5106,-0.6133,0.3738
8016,矽創電子股份有限公司,TWSE,8016.TW,2026-09-24,0.7109,-0.7574,0.1273,0.7974,0.3402,0.7135,0.6831,-0.0653,0.4951
8021,尖點科技股份有限公司,TWSE,8021.TW,2026-09-24,1.6888,-0.5323,0.2817,1.3825,0.6585,1.2261,1.4492,1.0754,1.0335
8028,昇陽國際半導體股份有限公司,TWSE,8028.TW,2026-09-24,1.5499,-0.6327,0.2598,1.2844,0.1184,1.1401,1.3121,-0.2768,0.9371
8033,雷虎科技股份有限公司,TWSE,8033.TW,2026-09-24,1.2305,-0.2765,0.2094,0.997,-0.1427,0.8884,0.8549,-0.1984,0.6158
8039,台虹科技股份有限公司,TWSE,8039.TW,2026-09-24,1.4836,2.7064,0.2493,1.2163,0.9327,1.0805,1.0577,1.1182,0.7583
8045,達運光電股份有限公司,TWSE,8045.TW,2026-09-24,0.8888,-0.4835,0.1554,0.7844,-1.1609,0.7021,0.8022,-0.9622,0.5788
8046,南亞電路板股份有限公司,TWSE,8046.TW,2026-09-24,1.6073,0.3843,0.2689,1.1639,0.9936,1.0346,1.4306,1.1302,1.0204
8070,長華電材股份有限公司,TWSE,8070.TW,2026-09-24,0.9418,-0.3486,0.1638,0.704,-0.1335,0.6317,0.7365,-0.1407,0.5326
8072,陞泰科技股份有限公司,TWSE,8072.TW,2026-09-24,0.4511,-0.0296,0.0863,0.4913,-0.1919,0.4454,0.5743,-0.526,0.4186
8081,致新科技股份有限公司,TWSE,8081.TW,2026-09-24,0.7846,-0.6433,0.1389,0.8236,-0.3077,0.7365,0.7805,-0.3224,0.5635
8101,華冠通訊股份有限公司,TWSE,8101.TW,2026-09-24,-0.1244,-0.3971,-0.0046,0.1553,-0.4005,0.151,0.2387,-0.5135,0.1828
8103,瀚荃股份有限公司,TWSE,8103.TW,2026-09-24,1.0716,1.0692,0.1843,0.9299,0.3802,0.8296,1.0435,0.2988,0.7483
8104,錸寶科技股份有限公司,TWSE,8104.TW,2026-09-24,0.9104,-0.8703,0.1588,0.8565,-0.696,0.7653,0.7735,-0.593,0.5586
8105,凌巨科技股份有限公司,TWSE,8105.TW,2026-09-24,1.1197,-1.5885,0.1919,0.9457,-0.3673,0.8434,0.9078,-0.4042,0.653
8110,華東科技股份有限公司,TWSE,8110.TW,2026-09-24,1.5032,-0.3353,0.2524,1.427,-0.9581,1.2651,1.5624,0.391,1.113
8112,至上電子股份有限公司,TWSE,8112.TW,2026-09-24,0.7489,-0.1606,0.1333,0.7358,-0.235,0.6596,0.861,0.2813,0.6201
8114,振樺電子股份有限公司,TWSE,8114.TW,2026-09-24,0.6162,-0.0643,0.1123,0.6444,-0.1417,0.5795,0.7039,-0.5545,0.5097
8131,福懋科技股份有限公司,TWSE,8131.TW,2026-09-24,1.4179,-0.4687,0.239,1.4023,-0.9225,1.2434,1.5014,-0.0722,1.0701
8150,南茂科技股份有限公司,TWSE,8150.TW,2026-09-24,1.6704,0.2514,0.2788,1.6676,0.3885,1.4758,1.5203,0.6506,1.0834
8162,微矽電子股份有限公司,TWSE,8162.TW,2026-09-24,1.1138,-0.7074,0.1909,1.0185,0.5239,0.9072,0.8888,0.0473,0.6396
8163,達方電子股份有限公司,TWSE,8163.TW,2026-09-24,0.8423,-1.3945,0.148,0.7817,-0.3355,0.6998,0.6703,-0.5906,0.4861
8201,無敵科技股份有限公司,TWSE,8201.TW,2026-09-24,0.2533,0.1317,0.055,0.3161,-0.0554,0.2919,0.4344,-0.4294,0.3203
8210,勤誠興業股份有限公司,TWSE,8210.TW,2026-09-24,1.2396,-1.5756,0.2108,1.1781,-0.6897,1.047,1.0919,-0.1282,0.7824
8213,志超科技股份有限公司,TWSE,8213.TW,2026-09-24,0.6825,-0.2329,0.1228,0.7218,-0.5161,0.6473,0.7077,-0.47,0.5124
8215,明基材料股份有限公司,TWSE,8215.TW,2026-09-24,0.911,-0.173,0.1589,0.827,-0.2243,0.7395,0.8185,-0.2715,0.5902
8222,寶一科技股份有限公司,TWSE,8222.TW,2026-09-24,0.8462,-0.6126,0.1487,0.7294,-0.4662,0.654,0.7239,-0.7549,0.5237
8249,菱光科技股份有限公司,TWSE,8249.TW,2026-09-24,0.7193,-0.9135,0.1286,0.6013,-0.7535,0.5417,0.6345,-0.7218,0.4609
8261,富鼎先進電子股份有限公司,TWSE,8261.TW,2026-09-24,1.3539,-2.0164,0.2288,1.3004,0.4095,1.1542,1.0662,0.149,0.7643
8271,宇瞻科技股份有限公司,TWSE,8271.TW,2026-09-24,0.5443,0.505,0.101,0.7292,0.2788,0.6538,0.906,0.8013,0.6517
8341,日友環保科技股份有限公司,TWSE,8341.TW,2026-09-24,0.1694,-0.0952,0.0418,0.1399,-0.0534,0.1376,0.2243,-0.1222,0.1726
8367,建新國際股份有限公司,TWSE,8367.TW,2026-09-24,0.0717,0.0297,0.0263,0.0846,-0.1959,0.0891,0.083,-0.098,0.0733
8374,羅昇企業股份有限公司,TWSE,8374.TW,2026-09-24,1.0446,-0.5701,0.18,1.0075,-0.3904,0.8976,1.054,-0.8411,0.7557
8404,百和興業股份有限公司(開曼),TWSE,8404.TW,2026-09-24,0.2242,-0.7397,0.0504,0.2459,-0.7286,0.2304,0.3123,-0.8183,0.2345
8411,福貞控股股份有限公司,TWSE,8411.TW,2026-09-24,0.2234,-0.0063,0.0503,0.2044,-0.1771,0.1941,0.1588,-0.1518,0.1266
8422,可寧衛股份有限公司,TWSE,8422.TW,2026-09-24,0.3798,-0.2509,0.075,0.4512,-0.5026,0.4103,0.5112,0.0493,0.3743
8429,金麗集團控股有限公司,TWSE,8429.TW,2026-09-24,0.2268,-0.2374,0.0508,0.1687,-0.4372,0.1628,0.2051,-0.4318,0.1591
8438,昶昕實業股份有限公司,TWSE,8438.TW,2026-09-24,1.1769,-1.154,0.2009,1.0963,-0.5922,0.9754,1.013,0.4503,0.7269
8442,威宏控股股份有限公司,TWSE,8442.TW,2026-09-24,0.1977,0.4944,0.0462,0.1631,-0.2762,0.1579,0.2895,-0.5868,0.2185
8443,阿瘦實業股份有限公司,TWSE,8443.TW,2026-09-24,0.0235,-0.0749,0.0187,-0.0197,-0.1312,-0.0023,0.0735,-0.1315,0.0667
8454,富邦媒體科技股份有限公司,TWSE,8454.TW,2026-09-24,0.1795,-0.5662,0.0434,-0.117,0.9254,-0.0875,0.091,0.0376,0.079
8462,柏文健康事業股份有限公司,TWSE,8462.TW,2026-09-24,-0.06,0.4718,0.0055,0.0116,0.4062,0.0252,0.1112,-0.0278,0.0931
8463,潤泰精密材料股份有限公司,TWSE,8463.TW,2026-09-24,0.1558,-0.056,0.0396,0.168,-0.1575,0.1622,0.2392,-0.2943,0.1831
8464,億豐綜合工業股份有限公司,TWSE,8464.TW,2026-09-24,-0.1241,0.249,-0.0046,-0.0248,0.2856,-0.0067,0.1823,-0.1858,0.1431
8466,美吉吉國際股份有限公司,TWSE,8466.TW,2026-09-24,0.5526,-0.4385,0.1023,0.3553,-0.527,0.3262,0.3941,-0.6843,0.292
8467,波力環球企業股份有限公司,TWSE,8467.TW,2026-09-24,0.5661,-0.9134,0.1044,0.4452,-1.3352,0.405,0.4118,-0.8412,0.3044
8473,山林水環境工程股份有限公司,TWSE,8473.TW,2026-09-24,0.686,-0.4368,0.1234,0.4724,0.0131,0.4288,0.4529,-0.0183,0.3333
8476,台境企業股份有限公司,TWSE,8476.TW,2026-09-24,0.1589,-0.9004,0.0401,0.1366,0.0945,0.1347,0.1658,0.0148,0.1315
8478,東哥企業股份有限公司,TWSE,8478.TW,2026-09-24,0.2911,-0.2456,0.061,0.23,-0.3082,0.2165,0.3624,-0.6572,0.2697
8481,政伸企業股份有限公司,TWSE,8481.TW,2026-09-24,0.2696,0.1825,0.0576,0.1686,-0.053,0.1627,0.1467,-0.0881,0.1181
8482,商億全球控股有限公司,TWSE,8482.TW,2026-09-24,0.2274,-0.0714,0.0509,0.1382,0.0106,0.1361,0.3108,-0.2471,0.2334
8487,愛爾達科技股份有限公司,TWSE,8487.TW,2026-09-24,0.1465,-0.3936,0.0381,0.1447,0.0523,0.1418,0.1136,0.0156,0.0948
8488,吉源控股股份有限公司,TWSE,8488.TW,2026-09-24,0.2739,-0.076,0.0583,0.1967,-0.1053,0.1873,0.18,-0.1625,0.1415
8499,鼎炫投資控股股份有限公司,TWSE,8499.TW,2026-09-24,0.646,-0.5938,0.117,0.7775,-0.4803,0.6961,0.8088,-0.3348,0.5834
8926,台灣汽電共生股份有限公司,TWSE,8926.TW,2026-09-24,0.2877,-0.8321,0.0604,0.2761,0.5664,0.2569,0.2922,0.1302,0.2204
8940,新天地國際實業股份有限公司,TWSE,8940.TW,2026-09-24,0.0754,-0.438,0.0269,0.1468,-0.5344,0.1436,0.1967,-0.4202,0.1532
8996,高力熱處理工業股份有限公司,TWSE,8996.TW,2026-09-24,1.5097,0.1526,0.2535,1.0457,0.6947,0.931,1.408,1.0638,1.0045
9103,美德向邦醫療國際股份有限公司,TWSE,9103.TW,2026-09-24,0.2439,-0.0909,0.0535,0.0773,-0.0723,0.0827,0.1445,0.0016,0.1166
910322,康師傅控股有限公司,TWSE,910322.TW,2026-09-24,-0.2332,0.7222,-0.0218,-0.1094,-0.0441,-0.0808,-0.0659,0.2782,-0.0313
9105,泰金寶科技股份有限公司,TWSE,9105.TW,2026-09-24,0.9235,-0.5092,0.1609,0.9574,0.2406,0.8537,0.8893,-0.1469,0.64
910861,神州數碼控股有限公司,TWSE,910861.TW,2026-09-24,0.1823,0.2836,0.0438,0.1546,0.0541,0.1504,0.1759,-0.3598,0.1386
9110,越南製造加工出口控股有限公司,TWSE,9110.TW,2026-09-24,0.1534,-0.6787,0.0392,0.1602,-0.2125,0.1553,0.1141,-0.4804,0.0952
911608,明輝環球企業有限公司,TWSE,911608.TW,2026-09-24,0.0715,-0.2271,0.0263,0.1449,-0.2423,0.1419,0.0769,-0.0629,0.069
911622,聚亨企業集團(泰國)大眾有限公司,TWSE,911622.TW,2026-09-24,0.1595,-0.2095,0.0402,0.193,-0.3454,0.1841,0.0944,-0.11,0.0813
911868,同方友友控股有限公司,TWSE,911868.TW,2026-09-24,0.089,-0.3531,0.0291,0.0803,-0.2322,0.0853,0.0856,-0.1778,0.0752
912000,晨訊科技集團有限公司,TWSE,912000.TW,2026-09-24,0.2306,-0.4269,0.0514,0.2249,-0.1571,0.212,0.2877,-0.1975,0.2172
9136,巨騰國際控股有限公司,TWSE,9136.TW,2026-09-24,0.3725,-1.7256,0.0738,0.3937,-0.0408,0.3599,0.3089,0.3675,0.2321
9802,鈺齊國際股份有限公司,TWSE,9802.TW,2026-09-24,0.2584,-0.3628,0.0558,0.2347,-0.4692,0.2206,0.2825,-0.5541,0.2135
9902,台火開發股份有限公司,TWSE,9902.TW,2026-09-24,0.3467,-0.1501,0.0698,0.3241,-0.4187,0.2989,0.2818,-0.3382,0.213
9904,寶成工業股份有限公司,TWSE,9904.TW,2026-09-24,0.0037,0.2325,0.0156,0.0692,-0.21,0.0756,0.1654,-0.1846,0.1312
9905,大華金屬工業股份有限公司,TWSE,9905.TW,2026-09-24,0.084,0.2022,0.0283,0.0806,0.0598,0.0856,0.1061,0.0036,0.0896
9906,欣巴巴事業股份有限公司,TWSE,9906.TW,2026-09-24,0.5412,-0.1725,0.1005,0.2355,-0.1725,0.2213,0.2949,-0.5194,0.2222
9907,統一實業股份有限公司,TWSE,9907.TW,2026-09-24,0.0046,-0.156,0.0157,0.111,-0.394,0.1122,0.1343,-0.1826,0.1094
9908,大台北區瓦斯股份有限公司,TWSE,9908.TW,2026-09-24,0.0015,0.0524,0.0152,-0.0073,0.0267,0.0086,-0.128,0.1081,-0.075
9910,豐泰企業股份有限公司,TWSE,9910.TW,2026-09-24,-0.0575,0.0641,0.0059,-0.1369,0.0306,-0.1049,-0.01,-0.4292,0.008
9911,台灣櫻花股份有限公司,TWSE,9911.TW,2026-09-24,0.0156,-0.1062,0.0175,-0.0035,-0.0734,0.0119,0.0545,-0.0248,0.0533
9912,偉聯科技股份有限公司,TWSE,9912.TW,2026-09-24,0.1223,0.1657,0.0343,0.0602,-0.0134,0.0677,0.0765,0.0555,0.0688
9914,美利達工業股份有限公司,TWSE,9914.TW,2026-09-24,0.0347,-0.3504,0.0205,-0.0429,0.2968,-0.0226,0.0768,-0.3897,0.069
9917,中興保全科技股份有限公司,TWSE,9917.TW,2026-09-24,-0.0868,0.2679,0.0013,-0.0205,0.057,-0.003,0.0879,-0.0008,0.0768
9918,欣欣天然氣股份有限公司,TWSE,9918.TW,2026-09-24,0.0369,0.082,0.0208,-0.0656,-0.0317,-0.0425,-0.3107,0.4005,-0.2034
9919,康那香企業股份有限公司,TWSE,9919.TW,2026-09-24,0.2846,-0.0052,0.06,0.1747,-0.398,0.168,0.2006,-0.3307,0.156
9921,巨大機械工業股份有限公司,TWSE,9921.TW,2026-09-24,0.0401,0.8854,0.0213,-0.005,0.6586,0.0106,0.0954,-0.0228,0.082
9924,台灣福興工業股份有限公司,TWSE,9924.TW,2026-09-24,0.0144,-0.2239,0.0173,0.0361,-0.2691,0.0466,0.0907,-0.3951,0.0787
9925,台灣新光保全股份有限公司,TWSE,9925.TW,2026-09-24,-0.0304,0.118,0.0102,-0.0042,0.0503,0.0113,0.0127,0.0134,0.0239
9926,新海瓦斯股份有限公司,TWSE,9926.TW,2026-09-24,-0.0478,0.1308,0.0075,0.0093,0.0501,0.0231,-0.1266,0.129,-0.074
9927,泰銘實業股份有限公司,TWSE,9927.TW,2026-09-24,0.1826,0.0773,0.0438,0.1701,-0.0848,0.164,0.1885,-0.1712,0.1475
9928,中國電視事業股份有限公司,TWSE,9928.TW,2026-09-24,0.2087,-0.248,0.048,0.1218,-0.1394,0.1217,0.1001,-0.0488,0.0853
9929,秋雨創新股份有限公司,TWSE,9929.TW,2026-09-24,0.2891,-0.062,0.0607,0.2397,-0.4483,0.225,0.3601,-0.2775,0.2681
9930,中聯資源股份有限公司,TWSE,9930.TW,2026-09-24,0.0914,-0.3752,0.0294,0.083,-0.2639,0.0877,0.1169,-0.1874,0.0972
9931,欣高石油氣股份有限公司,TWSE,9931.TW,2026-09-24,0.0426,0.0717,0.0217,-0.0004,-0.0894,0.0146,-0.2412,0.2788,-0.1545
9933,中鼎工程股份有限公司,TWSE,9933.TW,2026-09-24,0.2952,0.1828,0.0616,0.3204,0.154,0.2957,0.3471,0.1031,0.2589
9934,成霖企業股份有限公司,TWSE,9934.TW,2026-09-24,0.2629,-0.0726,0.0565,0.1969,0.0082,0.1875,0.2553,-0.1729,0.1944
9935,慶豐富實業股份有限公司,TWSE,9935.TW,2026-09-24,0.2614,-0.0801,0.0563,0.2285,-0.1426,0.2152,0.2738,-0.2142,0.2074
9937,全國加油站股份有限公司,TWSE,9937.TW,2026-09-24,0.0302,0.0663,0.0198,0.0237,-0.0211,0.0358,-0.0158,-0.0718,0.0039
9938,台灣百和工業股份有限公司,TWSE,9938.TW,2026-09-24,0.1912,-0.4748,0.0452,0.1927,-0.405,0.1838,0.2729,-0.4608,0.2068
9939,宏全國際股份有限公司,TWSE,9939.TW,2026-09-24,0.0277,0.1406,0.0194,0.0037,0.2883,0.0182,0.1006,-0.0094,0.0857
9940,信義房屋股份有限公司,TWSE,9940.TW,2026-09-24,0.0018,0.1693,0.0153,-0.0105,0.1003,0.0058,0.0776,-0.1953,0.0695
9941,裕融企業股份有限公司,TWSE,9941.TW,2026-09-24,0.1144,0.1909,0.0331,0.0758,0.193,0.0814,0.091,-0.2146,0.079
9942,茂順密封元件科技股份有限公司,TWSE,9942.TW,2026-09-24,0.2223,0.0971,0.0501,0.1704,-0.035,0.1643,0.235,-0.0588,0.1802
9943,好樂迪股份有限公司,TWSE,9943.TW,2026-09-24,-0.0229,-0.2612,0.0114,0.0201,-0.1549,0.0326,0.1068,-0.284,0.0901
9944,新麗企業股份有限公司,TWSE,9944.TW,2026-09-24,0.0673,-0.1104,0.0256,0.0714,0.0877,0.0775,0.0508,0.0085,0.0507
9945,潤泰創新國際股份有限公司,TWSE,9945.TW,2026-09-24,0.1177,0.6876,0.0336,0.0569,0.4137,0.0648,0.1709,-0.0372,0.1351
9946,三發地產股份有限公司,TWSE,9946.TW,2026-09-24,0.1791,-0.2682,0.0433,0.0878,0.1151,0.0919,0.1964,-0.1093,0.153
9955,佳龍科技工程股份有限公司,TWSE,9955.TW,2026-09-24,0.4602,-0.6112,0.0877,0.4725,-0.9753,0.4289,0.5457,-0.5769,0.3985
9958,世紀鋼鐵結構股份有限公司,TWSE,9958.TW,2026-09-24,0.5467,-0.8921,0.1014,0.548,-0.561,0.495,0.6672,-1.0129,0.4839
1240,茂生農經股份有限公司,OTC,1240.TWO,2026-09-24,0.1339,0.2336,0.0057,0.0809,0.019,0.0668,0.0914,0.0158,0.0658
1259,安心食品服務股份有限公司,OTC,1259.TWO,2026-09-24,0.0346,0.7949,0.0126,-0.027,0.3316,-0.0023,0.0373,0.1798,0.0357
1264,德麥食品股份有限公司,OTC,1264.TWO,2026-09-24,0.0391,-0.1655,0.0123,0.0392,-0.1839,0.0401,0.0495,-0.1769,0.0425
1268,漢來美食股份有限公司,OTC,1268.TWO,2026-09-24,0.0365,0.3725,0.0125,0.0618,0.293,0.0546,0.0935,0.0895,0.067
1294,漢田生技股份有限公司,OTC,1294.TWO,2026-09-24,0.1888,-0.8923,0.0019,0.2289,-0.6584,0.1615,0.1764,-0.3414,0.1131
1295,生合生物科技股份有限公司,OTC,1295.TWO,2026-09-24,0.2264,-0.0264,-0.0007,0.234,-0.7546,0.1648,0.3065,-1.0756,0.1854
1336,台翰精密科技股份有限公司,OTC,1336.TWO,2026-09-24,0.3998,0.9496,-0.0128,0.3603,0.3048,0.2456,0.3801,-0.1699,0.2263
1565,精華光學股份有限公司,OTC,1565.TWO,2026-09-24,0.2225,0.0161,-0.0004,0.159,-0.2749,0.1168,0.2402,-0.5019,0.1485
1569,濱川企業股份有限公司,OTC,1569.TWO,2026-09-24,0.7759,1.6397,-0.0389,0.6816,0.2503,0.4512,0.7253,-0.1714,0.4182
1570,力肯實業股份有限公司,OTC,1570.TWO,2026-09-24,0.3766,-0.7753,-0.0111,0.594,-0.1202,0.3952,0.5114,-0.0074,0.2993
1580,新麥企業股份有限公司,OTC,1580.TWO,2026-09-24,0.0543,-0.6674,0.0112,0.0517,-0.483,0.0481,0.0984,-0.3444,0.0697
1584,精剛精密科技股份有限公司,OTC,1584.TWO,2026-09-24,0.3861,-0.1631,-0.0118,0.3491,-0.5572,0.2384,0.387,-0.5183,0.2301
1586,和勤精機股份有限公司,OTC,1586.TWO,2026-09-24,0.1213,-0.3222,0.0066,0.0974,-0.5189,0.0773,0.1473,-0.4514,0.0969
1591,英屬開曼群島商駿吉控股(股)公司,OTC,1591.TWO,2026-09-24,0.2967,1.3052,-0.0056,0.5643,-0.097,0.3762,0.5883,-0.4641,0.342
1593,祺驊股份有限公司,OTC,1593.TWO,2026-09-24,0.1317,0.2105,0.0059,0.1422,-0.0858,0.106,0.159,0.1448,0.1034
1595,川寶科技股份有限公司,OTC,1595.TWO,2026-09-24,1.1266,0.252,-0.0632,0.895,1.0239,0.5878,0.8161,0.4861,0.4687
1599,宏佳騰動力科技股份有限公司,OTC,1599.TWO,2026-09-24,0.0293,0.0181,0.013,0.0434,-0.1821,0.0428,0.1222,-0.2674,0.0829
1742,台灣蠟品股份有限公司,OTC,1742.TWO,2026-09-24,0.1522,0.5969,0.0044,0.1336,0.0837,0.1005,0.1205,0.18,0.082
1777,生泰合成工業股份有限公司,OTC,1777.TWO,2026-09-24,0.0399,0.4104,0.0122,0.0271,0.1623,0.0323,0.0885,0.0122,0.0642
1780,立弘生化科技股份有限公司,OTC,1780.TWO,2026-09-24,0.0674,0.0214,0.0103,0.2475,-0.1383,0.1734,0.1544,0.4108,0.1008
1781,合世生醫科技股份有限公司,OTC,1781.TWO,2026-09-24,0.1505,-0.6673,0.0046,0.109,-0.4383,0.0848,0.177,-0.3369,0.1134
1784,訊聯生物科技股份有限公司,OTC,1784.TWO,2026-09-24,0.3519,-0.3097,-0.0094,0.3105,-0.6656,0.2137,0.4445,-0.4263,0.2621
1785,光洋應用材料科技股份有限公司,OTC,1785.TWO,2026-09-24,1.1281,-1.3405,-0.0633,1.0211,-0.2099,0.6685,1.0545,0.0783,0.6012
1788,杏昌生技股份有限公司,OTC,1788.TWO,2026-09-24,0.0149,-0.063,0.014,0.0181,-0.0345,0.0266,0.0252,-0.0404,0.029
1796,金穎生物科技股份有限公司,OTC,1796.TWO,2026-09-24,0.053,-0.111,0.0113,0.0757,-0.5858,0.0634,0.1863,-0.7173,0.1186
1799,易威生醫科技股份有限公司,OTC,1799.TWO,2026-09-24,0.4563,-0.2843,-0.0167,0.4422,-0.7417,0.298,0.5528,-0.6785,0.3223
1813,寶利徠光學科技股份有限公司,OTC,1813.TWO,2026-09-24,0.048,-0.2366,0.0117,0.0849,-0.3915,0.0693,0.085,-0.2447,0.0623
1815,富喬工業股份有限公司,OTC,1815.TWO,2026-09-24,1.4061,1.0473,-0.0826,1.2928,-0.0732,0.8424,1.3783,0.1832,0.7812
2035,唐榮鐵工廠股份有限公司,OTC,2035.TWO,2026-09-24,0.0536,-0.1989,0.0113,0.0544,-0.1692,0.0498,0.075,-0.109,0.0567
2061,風青實業股份有限公司,OTC,2061.TWO,2026-09-24,0.8387,-0.4504,-0.0432,1.0886,2.1396,0.7117,0.805,0.8936,0.4625
2063,世鎧精密股份有限公司,OTC,2063.TWO,2026-09-24,0.0351,-0.0784,0.0126,0.0695,-0.3634,0.0595,0.1092,-0.1685,0.0757
2064,晉椿工業股份有限公司,OTC,2064.TWO,2026-09-23,0.1125,-0.5827,0.0128,0.0796,-0.0667,0.0646,0.1383,-0.1744,0.0888
2065,世豐螺絲股份有限公司,OTC,2065.TWO,2026-09-24,0.1369,0.3469,0.0055,0.1494,0.2775,0.1106,0.1625,0.1439,0.1053
2066,世德工業股份有限公司,OTC,2066.TWO,2026-09-24,0.4703,-0.6777,-0.0176,0.2267,0.1708,0.1601,0.3158,-0.1666,0.1905
2067,嘉鋼精密工業股份有限公司,OTC,2067.TWO,2026-09-24,0.1309,-0.9083,0.0059,0.1016,-0.7927,0.08,0.2087,-0.4947,0.131
2070,精湛光學科技股份有限公司,OTC,2070.TWO,2026-09-24,0.7693,0.1772,-0.0384,0.6931,0.7787,0.4586,0.7171,0.2722,0.4136
2073,雄順金屬股份有限公司,OTC,2073.TWO,2026-09-23,0.0005,-0.0868,0.015,0.0281,-0.0011,0.0325,0.0569,-0.0252,0.0454
2221,大甲永和機械工業股份有限公司,OTC,2221.TWO,2026-09-24,0.6233,5.6488,-0.0283,0.5308,3.5202,0.3547,0.4512,1.7804,0.2658
2230,泰茂實業股份有限公司,OTC,2230.TWO,2026-09-24,0.3989,-0.2897,-0.0127,0.4714,-0.8489,0.3167,0.3677,-1.6112,0.2194
2235,謚源實業股份有限公司,OTC,2235.TWO,2026-09-24,0.2157,0.0721,0.0,0.1549,-0.3061,0.1141,0.1713,-0.2763,0.1102
2596,綠意開發股份有限公司,OTC,2596.TWO,2026-09-24,0.1567,0.8295,0.0041,0.0674,0.3038,0.0581,0.1328,0.1494,0.0888
2640,台灣大車隊股份有限公司,OTC,2640.TWO,2026-09-24,0.0858,0.2997,0.009,0.126,-0.1991,0.0956,0.1144,0.2497,0.0786
2641,正德海運股份有限公司,OTC,2641.TWO,2026-09-24,0.2836,0.0083,-0.0047,0.327,-0.1633,0.2243,0.3305,-0.3225,0.1987
2643,捷迅股份有限公司,OTC,2643.TWO,2026-09-24,0.0888,0.1214,0.0088,0.0771,-0.127,0.0643,0.1191,-0.1023,0.0812
2718,全心投資控股股份有限公司,OTC,2718.TWO,2026-09-24,0.3604,-0.5988,-0.01,0.2166,-0.2046,0.1536,0.2932,-0.3915,0.178
2719,台鋼燦星國際旅行社股份有限公司,OTC,2719.TWO,2026-09-24,0.454,-0.8249,-0.0165,0.3677,-0.8501,0.2503,0.3102,-0.7178,0.1874
2724,藝舍國際創新股份有限公司,OTC,2724.TWO,2026-09-24,0.2123,0.4796,0.0003,0.0537,-0.6618,0.0494,0.0123,-0.3048,0.0218
2726,雅茗天地股份有限公司,OTC,2726.TWO,2026-09-24,0.2215,-0.6663,-0.0004,0.2262,-0.5483,0.1598,0.2175,-0.7927,0.1359
2729,瓦城泰統股份有限公司,OTC,2729.TWO,2026-09-24,0.0718,0.1289,0.01,0.0681,-0.1376,0.0586,0.1332,-0.208,0.089
2732,六角國際事業股份有限公司,OTC,2732.TWO,2026-09-24,0.1029,0.0638,0.0079,0.0602,-0.0345,0.0535,0.1639,-0.1512,0.1061
2734,易飛網國際旅行社股份有限公司,OTC,2734.TWO,2026-09-24,0.2712,-0.1392,-0.0038,0.2132,-0.3374,0.1515,0.2255,-0.4271,0.1404
2736,富野大飯店股份有限公司,OTC,2736.TWO,2026-09-24,0.0897,-0.2026,0.0088,0.1309,-0.3547,0.0988,0.1545,-0.3917,0.1009
2740,華軒地產股份有限公司,OTC,2740.TWO,2026-09-24,-0.0461,0.1126,0.0182,0.0766,-0.3636,0.064,0.2774,0.2355,0.1692
2743,山富國際旅行社股份有限公司,OTC,2743.TWO,2026-09-24,0.3287,-0.528,-0.0078,0.2569,-0.6408,0.1794,0.3344,-0.6144,0.2009
2745,五福旅行社股份有限公司,OTC,2745.TWO,2026-09-24,0.3034,-0.6157,-0.0061,0.2486,-0.4659,0.1741,0.3158,-0.3534,0.1905
2751,王座國際餐飲股份有限公司,OTC,2751.TWO,2026-09-24,0.2368,0.3477,-0.0014,0.1883,-0.0975,0.1355,0.228,-0.3614,0.1417
2752,豆府股份有限公司,OTC,2752.TWO,2026-09-24,0.177,0.043,0.0027,0.099,-0.2389,0.0784,0.1197,-0.1296,0.0815
2754,亞洲藏壽司股份有限公司,OTC,2754.TWO,2026-09-24,0.1223,0.078,0.0065,0.0694,-0.0205,0.0594,0.0907,-0.3744,0.0654
2755,揚秦國際企業股份有限公司,OTC,2755.TWO,2026-09-24,0.1373,-0.3172,0.0055,0.1423,-0.3335,0.1061,0.2149,-0.0835,0.1345
2756,聯發國際餐飲事業股份有限公司,OTC,2756.TWO,2026-09-24,0.0839,0.3546,0.0092,0.0438,-0.1067,0.043,0.1184,-0.3747,0.0808
2916,滿心企業股份有限公司,OTC,2916.TWO,2026-09-24,0.1199,-0.0188,0.0067,0.057,-0.206,0.0515,0.0525,-0.1046,0.0442
2924,開曼群島宏太股份有限公司,OTC,2924.TWO,2026-09-24,-0.1163,0.3938,0.0231,-0.0999,0.5082,-0.0489,-0.0005,-0.0668,0.0147
2926,誠品生活股份有限公司,OTC,2926.TWO,2026-09-23,0.1262,-0.4752,0.0126,0.0929,-0.4552,0.0728,0.1506,-0.4548,0.0953
2937,集雅社股份有限公司,OTC,2937.TWO,2026-09-23,0.0803,0.0386,0.0134,0.0707,0.197,0.059,0.0946,0.1303,0.0655
2938,床的世界股份有限公司,OTC,2938.TWO,2026-09-24,-0.1173,-1.2723,0.0231,-0.1572,-0.1785,-0.0856,-0.0652,-0.3462,-0.0212
2941,米斯特國際企業股份有限公司,OTC,2941.TWO,2026-09-24,0.2486,-0.3444,-0.0023,0.1363,-0.3286,0.1022,0.1839,-0.6617,0.1172
2947,振宇五金股份有限公司,OTC,2947.TWO,2026-09-23,0.239,-1.0994,0.0104,0.1995,-0.6474,0.1392,0.2156,-0.4887,0.13
2948,寶陞國際股份有限公司,OTC,2948.TWO,2026-09-24,0.0694,0.4726,0.0102,-0.0042,0.1015,0.0123,0.005,0.02,0.0178
2949,欣新網股份有限公司,OTC,2949.TWO,2026-09-24,0.3041,-0.0444,-0.0061,0.2341,0.1524,0.1648,0.2621,-0.1524,0.1607
3064,泰偉電子股份有限公司,OTC,3064.TWO,2026-09-23,0.2133,-0.5743,0.0109,0.0791,-0.879,0.0642,0.0757,-1.0083,0.0554
3066,李洲科技股份有限公司,OTC,3066.TWO,2026-09-24,0.7797,0.8524,-0.0391,0.6148,0.7357,0.4085,0.5991,0.4855,0.348
3067,全域股份有限公司,OTC,3067.TWO,2026-09-23,0.0663,-0.4357,0.0137,0.0739,-0.1353,0.061,0.1188,-0.0814,0.0784
3071,協禧電機股份有限公司,OTC,3071.TWO,2026-09-24,0.5166,-1.1662,-0.0209,0.5853,-0.5896,0.3896,0.7058,-0.2757,0.4073
3073,天方能源科技股份有限公司,OTC,3073.TWO,2026-09-24,0.226,-0.2652,-0.0007,0.1875,-0.6384,0.135,0.2748,-0.7311,0.1678
3078,僑威科技股份有限公司,OTC,3078.TWO,2026-09-24,0.3213,-0.4207,-0.0073,0.4268,-0.5304,0.2882,0.4851,-0.7276,0.2847
3081,聯亞光電工業股份有限公司,OTC,3081.TWO,2026-09-24,1.5855,2.25,-0.0951,1.5362,0.4588,0.9982,1.5815,1.4934,0.8941
3083,中華網龍股份有限公司,OTC,3083.TWO,2026-09-24,0.2704,-0.7645,-0.0038,0.0812,-0.3421,0.067,0.1627,-0.4411,0.1054
3085,台鋼新零售股份有限公司,OTC,3085.TWO,2026-09-24,0.1368,-0.208,0.0055,0.2012,-0.3028,0.1438,0.2061,-0.2959,0.1296
3086,華義國際數位娛樂股份有限公司,OTC,3086.TWO,2026-09-24,0.6817,-0.4583,-0.0323,0.5901,-0.3796,0.3927,0.535,0.583,0.3124
3088,艾訊股份有限公司,OTC,3088.TWO,2026-09-24,0.793,0.0498,-0.04,0.7333,0.6949,0.4843,0.7083,0.2289,0.4087
3093,台灣港建股份有限公司,OTC,3093.TWO,2026-09-24,0.916,-1.9028,-0.0486,0.8727,-0.434,0.5735,0.7827,0.3565,0.4501
3095,及成企業股份有限公司,OTC,3095.TWO,2026-09-24,0.0364,-0.4323,0.0125,0.156,0.1678,0.1148,0.1417,0.2436,0.0938
3105,穩懋半導體股份有限公司,OTC,3105.TWO,2026-09-24,1.6832,1.2127,-0.1018,1.6245,-0.1072,1.0547,1.7703,1.1198,0.9991
3114,好德科技股份有限公司,OTC,3114.TWO,2026-09-24,0.833,-0.6629,-0.0428,0.7324,0.4887,0.4837,0.6157,0.2131,0.3573
3115,富育榮綱股份有限公司,OTC,3115.TWO,2026-09-24,0.0965,0.1097,0.0083,0.0769,-0.3086,0.0642,0.1178,-0.4422,0.0805
3118,進階生物科技股份有限公司,OTC,3118.TWO,2026-09-24,0.0218,-0.1128,0.0135,0.0578,-0.0666,0.052,0.068,-0.0595,0.0528
3122,笙泉科技股份有限公司,OTC,3122.TWO,2026-09-24,0.6755,-0.9218,-0.0319,0.6094,-0.3093,0.405,0.7378,-0.3847,0.4251
3128,昇銳智慧科技股份有限公司,OTC,3128.TWO,2026-09-24,0.5217,-0.3035,-0.0212,0.476,-0.4652,0.3196,0.5818,-0.671,0.3384
3131,弘塑科技股份有限公司,OTC,3131.TWO,2026-09-24,1.2599,-1.3829,-0.0725,1.1336,-0.9665,0.7405,1.1712,0.0771,0.6661
3141,晶宏半導體股份有限公司,OTC,3141.TWO,2026-09-24,0.9238,0.6493,-0.0491,0.9361,1.0941,0.6141,1.0042,0.2038,0.5732
3147,大綜電腦系統股份有限公司,OTC,3147.TWO,2026-09-24,1.1377,0.408,-0.064,0.7109,0.7839,0.47,0.6601,0.1289,0.3819
3152,璟德電子工業股份有限公司,OTC,3152.TWO,2026-09-24,0.8189,-0.6794,-0.0418,0.6636,-0.4903,0.4397,0.8446,-0.2007,0.4845
3158,嘉實資訊股份有限公司,OTC,3158.TWO,2026-09-24,0.0482,0.1,0.0117,0.0353,-0.1181,0.0376,0.0274,-0.2676,0.0302
3162,精確實業股份有限公司,OTC,3162.TWO,2026-09-24,0.867,-0.119,-0.0452,0.7273,0.2018,0.4805,0.6536,0.1591,0.3783
3163,波若威科技股份有限公司,OTC,3163.TWO,2026-09-24,1.6607,0.5356,-0.1003,1.5982,-1.1115,1.0379,1.7178,0.7421,0.9699
3169,亞信電子股份有限公司,OTC,3169.TWO,2026-09-24,0.5842,0.5134,-0.0256,0.6955,0.2481,0.4601,0.6977,-0.083,0.4028
3171,炎洲流通股份有限公司,OTC,3171.TWO,2026-09-24,0.1156,-0.3232,0.007,0.261,-0.2222,0.182,0.2938,0.0732,0.1783
3176,基亞生物科技股份有限公司,OTC,3176.TWO,2026-09-24,0.1739,0.5625,0.0029,0.1334,0.3837,0.1004,0.1632,0.2771,0.1057
3178,公準精密工業股份有限公司,OTC,3178.TWO,2026-09-24,0.5508,0.3516,-0.0232,0.6142,-0.104,0.4081,0.7432,-0.0988,0.4281
3188,鑫龍騰開發股份有限公司,OTC,3188.TWO,2026-09-24,0.2195,-0.1148,-0.0002,0.0909,-0.3611,0.0732,0.1821,-0.156,0.1162
3191,雲嘉南科技股份有限公司,OTC,3191.TWO,2026-09-24,0.2486,-0.3996,-0.0023,0.4549,0.2894,0.3061,0.3247,0.1152,0.1955
3205,佰研生化科技股份有限公司,OTC,3205.TWO,2026-09-24,0.1429,-0.4201,0.0051,0.0785,-0.5583,0.0652,0.0534,-0.1271,0.0447
3206,志豐電子股份有限公司,OTC,3206.TWO,2026-09-24,0.3534,-0.2408,-0.0095,0.3169,-0.4154,0.2178,0.4056,-0.1113,0.2405
3207,耀勝電子股份有限公司,OTC,3207.TWO,2026-09-24,0.6453,-2.0036,-0.0298,0.4633,-1.3537,0.3115,0.5412,-0.8579,0.3158
3211,順達科技股份有限公司,OTC,3211.TWO,2026-09-24,1.3487,0.193,-0.0786,1.3384,-0.2641,0.8716,1.2853,-0.4018,0.7295
3213,茂訊電腦股份有限公司,OTC,3213.TWO,2026-09-24,0.5529,0.145,-0.0234,0.4838,0.3393,0.3246,0.5195,-0.074,0.3038
3217,優群科技股份有限公司,OTC,3217.TWO,2026-09-24,0.5144,-0.9526,-0.0207,0.5008,-0.45,0.3355,0.5601,-0.4748,0.3264
3218,大學光學科技股份有限公司,OTC,3218.TWO,2026-09-24,0.1774,-0.0657,0.0027,0.2293,-0.067,0.1618,0.2856,-0.2401,0.1738
3219,倚強科技股份有限公司,OTC,3219.TWO,2026-09-24,1.0225,2.3759,-0.056,0.8694,0.9835,0.5714,1.0122,0.0338,0.5777
3221,台灣嘉碩科技股份有限公司,OTC,3221.TWO,2026-09-24,1.078,-0.8455,-0.0598,1.0417,0.3024,0.6817,1.0397,0.5516,0.593
3224,三顧股份有限公司,OTC,3224.TWO,2026-09-24,0.2441,-0.5686,-0.0019,0.2903,-0.6157,0.2008,0.2081,-0.4615,0.1307
3226,龍鋒科技股份有限公司,OTC,3226.TWO,2026-09-24,0.0906,1.038,0.0087,0.1038,0.7042,0.0814,0.1766,0.2872,0.1132
3227,原相科技股份有限公司,OTC,3227.TWO,2026-09-24,0.6307,-0.6609,-0.0288,0.6696,-0.2152,0.4436,0.7548,-0.5806,0.4346
3228,金麗科技股份有限公司,OTC,3228.TWO,2026-09-24,0.8748,0.048,-0.0457,0.8798,0.2553,0.5781,0.8144,-0.2143,0.4677
3230,錦明實業股份有限公司,OTC,3230.TWO,2026-09-24,0.8151,-0.46,-0.0416,0.4299,-0.0312,0.2901,0.5182,-0.4142,0.3031
3232,昱捷股份有限公司,OTC,3232.TWO,2026-09-24,0.2156,-0.0797,0.0,0.1079,-0.1103,0.0841,0.1447,-0.2309,0.0954
3234,光環科技股份有限公司,OTC,3234.TWO,2026-09-24,1.4767,2.0554,-0.0875,1.3888,1.0788,0.9038,1.4464,1.2735,0.819
3236,千如電機工業股份有限公司,OTC,3236.TWO,2026-09-24,1.1472,-1.7886,-0.0646,1.2206,0.3005,0.7962,1.2016,0.3422,0.683
3252,海灣國際開發(股)公司,OTC,3252.TWO,2026-09-24,0.0876,-0.5667,0.0089,0.1051,-0.6207,0.0823,0.112,-0.3212,0.0773
3259,鑫創科技股份有限公司,OTC,3259.TWO,2026-09-24,0.2261,-1.7484,-0.0007,0.3044,-1.2789,0.2098,0.2851,-0.8745,0.1735
3260,威剛科技股份有限公司,OTC,3260.TWO,2026-09-24,0.6024,0.1195,-0.0268,0.7339,-0.1225,0.4847,1.0468,0.767,0.5969
3264,欣銓科技股份有限公司,OTC,3264.TWO,2026-09-24,1.4845,0.6388,-0.088,1.4337,0.3122,0.9326,1.4357,0.5681,0.8131
3265,台星科股份有限公司,OTC,3265.TWO,2026-09-24,1.2683,0.413,-0.073,1.2366,-0.0494,0.8064,1.2634,0.1639,0.7173
3268,海德威電子工業股份有限公司,OTC,3268.TWO,2026-09-24,0.4559,-0.3431,-0.0166,0.492,0.4821,0.3299,0.3622,0.0036,0.2163
3272,東碩資訊股份有限公司,OTC,3272.TWO,2026-09-24,0.3265,-0.4343,-0.0077,0.4324,-0.4725,0.2917,0.4589,-0.7506,0.2701
3276,宇環科技股份有限公司,OTC,3276.TWO,2026-09-24,0.3355,-0.6555,-0.0083,0.3249,-0.1185,0.2229,0.3557,-0.1655,0.2127
3284,太普高精密影像股份有限公司,OTC,3284.TWO,2026-09-24,0.5242,-1.3841,-0.0214,0.3198,0.0301,0.2197,0.3584,-0.2168,0.2142
3285,微端科技股份有限公司,OTC,3285.TWO,2026-09-24,0.4634,-0.636,-0.0172,0.466,0.7031,0.3132,0.4154,0.1778,0.2459
3287,廣寰科技股份有限公司,OTC,3287.TWO,2026-09-24,0.5996,1.385,-0.0266,0.4796,0.6782,0.3219,0.4919,0.075,0.2884
3288,點晶科技股份有限公司,OTC,3288.TWO,2026-09-24,-0.3284,0.414,0.0378,-0.0158,1.0962,0.0049,-0.0084,0.4279,0.0103
3289,宜特科技股份有限公司,OTC,3289.TWO,2026-09-24,0.8999,-0.685,-0.0475,1.0496,-0.2822,0.6868,1.0521,-0.1816,0.5999
3290,東浦精密光電股份有限公司,OTC,3290.TWO,2026-09-24,0.664,-1.477,-0.0311,0.6036,-0.064,0.4013,0.6705,-0.0678,0.3877
3293,鈊象電子股份有限公司,OTC,3293.TWO,2026-09-24,0.0989,-0.0653,0.0081,0.1436,0.061,0.1069,0.2452,-0.1012,0.1513
3294,英濟股份有限公司,OTC,3294.TWO,2026-09-24,0.8298,-0.1232,-0.0426,0.7316,-0.1812,0.4832,0.8678,-0.7002,0.4974
3297,杭特電子股份有限公司,OTC,3297.TWO,2026-09-24,0.4755,0.6778,-0.018,0.4083,-0.0588,0.2763,0.4823,-0.6447,0.2831
3303,岱稜科技股份有限公司,OTC,3303.TWO,2026-09-24,0.514,-0.4366,-0.0207,0.5148,0.0155,0.3445,0.5158,-0.1838,0.3017
3306,鼎天國際股份有限公司,OTC,3306.TWO,2026-09-24,0.4824,-0.0358,-0.0185,0.486,-0.2182,0.326,0.582,-0.4122,0.3385
3310,佳穎精密企業股份有限公司,OTC,3310.TWO,2026-09-24,0.0759,0.169,0.0097,0.1334,-0.0288,0.1004,0.1553,0.0854,0.1013
3313,斐成開發科技股份有限公司,OTC,3313.TWO,2026-09-24,0.3667,-0.2433,-0.0105,0.2423,-0.4829,0.1701,0.3127,-0.7416,0.1888
3317,尼克森微電子股份有限公司,OTC,3317.TWO,2026-09-24,1.1003,-0.7639,-0.0614,1.1106,0.1635,0.7258,1.0693,-0.0978,0.6094
3322,建舜電子製造股份有限公司,OTC,3322.TWO,2026-09-24,0.7154,-0.8814,-0.0347,0.735,-0.7486,0.4854,0.7682,-0.5831,0.442
3323,加百裕工業股份有限公司,OTC,3323.TWO,2026-09-24,0.7378,-0.6056,-0.0362,0.7117,-0.6547,0.4705,0.7717,-0.9745,0.444
3324,雙鴻科技股份有限公司,OTC,3324.TWO,2026-09-24,0.9669,2.5374,-0.0521,0.9561,0.9697,0.6269,1.0671,0.3809,0.6082
3325,旭品科技股份有限公司,OTC,3325.TWO,2026-09-24,0.4049,-0.2622,-0.0131,0.521,-0.3379,0.3484,0.5995,-0.6995,0.3483
3332,幸康電子股份有限公司,OTC,3332.TWO,2026-09-24,0.2591,0.0483,-0.003,0.2315,0.1609,0.1632,0.2864,0.1189,0.1742
3339,泰谷光電科技股份有限公司,OTC,3339.TWO,2026-09-24,1.0835,0.6946,-0.0602,1.1107,-0.0087,0.7259,1.1466,-0.0303,0.6524
3349,寶德科技股份有限公司,OTC,3349.TWO,2026-09-24,0.2918,0.1076,-0.0053,0.1718,-0.7104,0.125,0.2287,0.0064,0.1421
3354,律勝科技股份有限公司,OTC,3354.TWO,2026-09-24,0.9989,0.7548,-0.0543,0.9634,0.0099,0.6316,0.9034,0.3111,0.5172
3357,西北臺慶科技股份有限公司,OTC,3357.TWO,2026-09-24,1.2039,-1.3824,-0.0686,1.1803,0.3142,0.7704,1.2165,0.0423,0.6912
3360,尚立股份有限公司,OTC,3360.TWO,2026-09-24,0.7761,-1.2619,-0.0389,0.6399,-0.1174,0.4245,0.6938,-0.0864,0.4007
3362,先進光電科技股份有限公司,OTC,3362.TWO,2026-09-24,0.826,-0.0339,-0.0423,0.7202,1.1318,0.4759,0.7913,0.2498,0.4549
3363,上詮光纖通信股份有限公司,OTC,3363.TWO,2026-09-24,1.4535,1.2658,-0.0859,1.4736,-0.4105,0.9581,1.5456,0.0799,0.8742
3372,台灣典範半導體股份有限公司,OTC,3372.TWO,2026-09-24,0.781,-0.8094,-0.0392,0.7655,-0.7339,0.5049,0.9336,-0.3028,0.534
3373,熱映光電股份有限公司,OTC,3373.TWO,2026-09-24,0.2642,-0.0733,-0.0033,0.1968,-0.2505,0.141,0.2318,-0.2805,0.1439
3374,精材科技股份有限公司,OTC,3374.TWO,2026-09-24,1.705,2.2046,-0.1033,1.3738,1.7668,0.8942,1.3475,0.7178,0.7641
3379,彬台科技股份有限公司,OTC,3379.TWO,2026-09-24,0.7106,-0.4588,-0.0343,0.6156,-0.7825,0.409,0.7018,-1.0058,0.4051
3388,崇越電通股份有限公司,OTC,3388.TWO,2026-09-24,0.5393,0.0856,-0.0224,0.7959,0.2364,0.5244,0.6114,0.0862,0.3549
3390,旭軟電子科技股份有限公司,OTC,3390.TWO,2026-09-24,0.6545,-0.817,-0.0304,0.6168,-0.1885,0.4098,0.6049,-0.1192,0.3513
3402,漢科系統科技股份有限公司,OTC,3402.TWO,2026-09-24,0.9581,-0.223,-0.0515,0.9641,-0.1721,0.632,0.9645,-0.3969,0.5512
3430,奇鈦科技股份有限公司,OTC,3430.TWO,2026-09-24,1.0611,-0.4988,-0.0587,1.1848,0.5596,0.7733,1.1825,0.0765,0.6723
3434,哲固資訊科技股份有限公司,OTC,3434.TWO,2026-09-24,0.2586,0.542,-0.003,0.3321,0.1642,0.2275,0.398,-0.1641,0.2362
3438,台灣類比科技股份有限公司,OTC,3438.TWO,2026-09-24,0.9214,-0.2074,-0.049,0.8349,0.3714,0.5493,0.7879,0.0178,0.453
3441,聯一光電股份有限公司,OTC,3441.TWO,2026-09-24,0.3674,4.1007,-0.0105,0.4764,3.9839,0.3199,0.5585,1.7864,0.3255
3444,利機企業股份有限公司,OTC,3444.TWO,2026-09-24,0.6196,-0.0965,-0.028,0.7966,0.2075,0.5248,0.8433,0.0533,0.4838
3455,由田新技股份有限公司,OTC,3455.TWO,2026-09-24,1.2673,0.7685,-0.073,1.4041,0.7496,0.9136,1.2882,0.5843,0.7311
3465,進泰電子科技股份有限公司,OTC,3465.TWO,2026-09-24,0.2716,-0.626,-0.0039,0.3669,-0.571,0.2498,0.372,-0.6007,0.2218
3466,德晉科技股份有限公司,OTC,3466.TWO,2026-09-24,0.3212,-1.2741,-0.0073,0.3509,-0.8679,0.2396,0.3119,-0.8059,0.1884
3467,台灣精材股份有限公司,OTC,3467.TWO,2026-09-24,0.4991,1.3931,-0.0196,0.6862,1.218,0.4542,0.6913,0.4213,0.3993
3479,安勤科技股份有限公司,OTC,3479.TWO,2026-09-24,0.6889,0.2069,-0.0328,0.6021,0.7714,0.4004,0.5734,0.0113,0.3337
3483,力致科技股份有限公司,OTC,3483.TWO,2026-09-24,0.607,-0.3878,-0.0271,0.6119,-0.137,0.4066,0.6871,-0.5854,0.397
3484,崧騰企業股份有限公司,OTC,3484.TWO,2026-09-24,0.5396,-0.0996,-0.0225,0.4356,-0.0324,0.2938,0.463,-0.2294,0.2724
3485,敘(余+卜+又)豐企業股份有限公司,OTC,3485.TWO,2026-09-24,1.3324,-1.2933,-0.0775,1.6196,-0.7106,1.0516,1.3285,0.6026,0.7535
3489,森寶開發股份有限公司,OTC,3489.TWO,2026-09-24,0.3937,0.5357,-0.0123,0.2352,0.1502,0.1655,0.2416,0.1708,0.1493
3490,單井工業股份有限公司,OTC,3490.TWO,2026-09-24,0.6102,1.5279,-0.0274,0.644,0.968,0.4272,0.7128,0.4194,0.4112
3491,昇達科技股份有限公司,OTC,3491.TWO,2026-09-24,1.236,1.3407,-0.0708,1.2306,-0.3614,0.8026,1.2937,0.8767,0.7342
3492,長盛科技股份有限公司,OTC,3492.TWO,2026-09-24,0.2793,-0.3764,-0.0044,0.2629,-0.5375,0.1833,0.3636,-0.2977,0.2171
3498,陽程科技股份有限公司,OTC,3498.TWO,2026-09-24,1.006,2.9029,-0.0548,1.0061,1.9631,0.6589,1.0269,1.2755,0.5858
3499,環天世通科技股份有限公司,OTC,3499.TWO,2026-09-24,0.4533,-0.075,-0.0165,0.3023,-0.7346,0.2085,0.3956,-0.2076,0.2349
3508,位速科技股份有限公司,OTC,3508.TWO,2026-09-24,0.6027,1.8248,-0.0268,0.3038,-0.6053,0.2094,0.5919,-0.0197,0.344
3511,矽瑪科技股份有限公司,OTC,3511.TWO,2026-09-24,0.5773,-0.761,-0.0251,0.6065,-0.226,0.4032,0.6681,-0.3552,0.3864
3512,皇龍開發股份有限公司,OTC,3512.TWO,2026-09-24,0.112,0.138,0.0072,0.0867,-0.0915,0.0705,0.1071,-0.1157,0.0745
3516,亞帝歐光電股份有限公司,OTC,3516.TWO,2026-09-24,0.4991,-0.3542,-0.0196,0.389,0.5317,0.264,0.3263,0.0833,0.1964
3520,華盈電子股份有限公司,OTC,3520.TWO,2026-09-24,0.206,0.0757,0.0007,0.1633,0.3738,0.1195,0.2135,0.0601,0.1337
3521,台鋼建設事業股份有限公司,OTC,3521.TWO,2026-09-24,0.3993,-0.3998,-0.0127,0.2747,-0.2713,0.1908,0.3092,-0.0837,0.1869
3522,御嵿國際股份有限公司,OTC,3522.TWO,2026-09-24,0.3679,-0.2728,-0.0105,0.3114,-0.1071,0.2143,0.3186,-0.2646,0.1921
3523,迎輝科技股份有限公司,OTC,3523.TWO,2026-09-24,0.2869,-0.2845,-0.0049,0.4421,0.197,0.2979,0.3362,-0.1868,0.2019
3526,凡甲科技股份有限公司,OTC,3526.TWO,2026-09-24,0.562,-0.704,-0.024,0.5502,-0.2083,0.3671,0.5519,-0.0884,0.3218
3527,聚積科技股份有限公司,OTC,3527.TWO,2026-09-24,0.6475,-0.7862,-0.0299,0.647,-0.3143,0.4291,0.6679,-0.5099,0.3863
3529,力旺電子股份有限公司,OTC,3529.TWO,2026-09-24,1.0899,0.7955,-0.0607,1.087,0.0544,0.7107,1.2081,0.0779,0.6866
3531,先益電子工業股份有限公司,OTC,3531.TWO,2026-09-24,0.3132,-0.1465,-0.0067,0.2356,-0.1015,0.1658,0.2487,-0.1671,0.1532
3537,堡達實業股份有限公司,OTC,3537.TWO,2026-09-24,0.9164,-1.2397,-0.0486,0.9097,0.2023,0.5972,0.8928,0.0419,0.5113
3540,曜越科技股份有限公司,OTC,3540.TWO,2026-09-24,0.3828,-0.273,-0.0116,0.4398,-0.5259,0.2965,0.5318,-0.6441,0.3106
3541,西柏科技股份有限公司,OTC,3541.TWO,2026-09-24,0.2129,0.507,0.0002,0.1589,-0.0505,0.1167,0.196,-0.1568,0.124
3546,宇峻奧汀科技股份有限公司,OTC,3546.TWO,2026-09-24,0.2417,-0.1686,-0.0018,0.0921,0.2225,0.0739,0.1853,-0.1194,0.118
3548,兆利科技工業股份有限公司,OTC,3548.TWO,2026-09-24,0.7985,-0.1427,-0.0404,0.7167,-0.3859,0.4737,0.7978,-0.6194,0.4585
3551,世禾科技股份有限公司,OTC,3551.TWO,2026-09-24,1.0013,-0.1368,-0.0545,1.0004,-0.2774,0.6553,0.9812,-0.2267,0.5604
3552,同致電子企業股份有限公司,OTC,3552.TWO,2026-09-24,0.2166,-0.0896,-0.0,0.3928,-0.5619,0.2664,0.4305,-0.5376,0.2543
3555,博士旺創新股份有限公司,OTC,3555.TWO,2026-09-24,1.0171,-0.3024,-0.0556,1.1521,-0.2198,0.7524,1.217,0.8299,0.6915
3556,禾瑞亞科技股份有限公司,OTC,3556.TWO,2026-09-24,0.685,-0.9546,-0.0325,0.8428,0.2522,0.5544,0.7876,0.1303,0.4528
3558,神準科技股份有限公司,OTC,3558.TWO,2026-09-24,0.6227,-0.1421,-0.0282,0.5726,0.0325,0.3815,0.6552,-0.5406,0.3792
3564,其陽科技股份有限公司,OTC,3564.TWO,2026-09-24,0.814,0.78,-0.0415,0.7896,0.1322,0.5204,0.8959,-0.418,0.513
3567,逸昌科技股份有限公司,OTC,3567.TWO,2026-09-24,0.3813,-0.4559,-0.0115,0.4346,-0.1864,0.2931,0.4275,-0.1884,0.2526
3570,大塚資訊科技股份有限公司,OTC,3570.TWO,2026-09-24,0.1554,0.0618,0.0042,0.1978,0.0541,0.1416,0.2722,-0.1975,0.1663
3577,泓格科技股份有限公司,OTC,3577.TWO,2026-09-24,0.7896,-0.1883,-0.0398,0.6577,0.8042,0.4359,0.6897,0.2922,0.3984
3580,友威科技股份有限公司,OTC,3580.TWO,2026-09-24,0.9315,0.4696,-0.0497,0.8043,0.5145,0.5298,0.8386,0.2,0.4812
3581,博磊科技股份有限公司,OTC,3581.TWO,2026-09-24,1.4908,-0.9554,-0.0885,1.6109,0.3502,1.046,1.5397,0.4301,0.8709
3587,閎康科技股份有限公司,OTC,3587.TWO,2026-09-24,0.9282,-0.6479,-0.0494,1.1075,-0.3669,0.7238,1.046,-0.2458,0.5965
3594,磐儀科技股份有限公司,OTC,3594.TWO,2026-09-24,1.0672,-0.4601,-0.0591,1.0801,-0.0868,0.7063,0.8919,-0.2521,0.5108
3597,映興電子股份有限公司,OTC,3597.TWO,2026-09-24,0.2495,0.2368,-0.0023,0.3472,0.2112,0.2372,0.3837,-0.1669,0.2283
3609,三一東林科技股份有限公司,OTC,3609.TWO,2026-09-24,0.3874,-0.4161,-0.0119,0.3451,-0.3683,0.2359,0.4072,-0.942,0.2414
3611,鼎翰科技股份有限公司,OTC,3611.TWO,2026-09-24,0.1515,-0.1761,0.0045,0.1709,-0.026,0.1244,0.1776,-0.0616,0.1137
3615,安可光電股份有限公司,OTC,3615.TWO,2026-09-24,1.1182,-1.0429,-0.0626,0.8848,0.015,0.5813,0.9228,0.182,0.528
3623,富晶通科技股份有限公司,OTC,3623.TWO,2026-09-24,0.4637,0.709,-0.0172,0.4636,0.3543,0.3117,0.5863,0.0448,0.3409
3624,光頡科技股份有限公司,OTC,3624.TWO,2026-09-24,1.504,0.1786,-0.0894,1.3484,1.9352,0.878,1.2706,0.9659,0.7213
3625,西勝國際股份有限公司,OTC,3625.TWO,2026-09-24,0.5308,-1.048,-0.0218,0.3826,-0.8164,0.2599,0.4816,-0.8886,0.2827
3628,盈正豫順電子股份有限公司,OTC,3628.TWO,2026-09-24,0.4917,0.3859,-0.0191,0.5072,0.1399,0.3396,0.5474,-0.0461,0.3193
3629,地心引力股份有限公司,OTC,3629.TWO,2026-09-23,0.177,1.1041,0.0116,0.1707,-0.1326,0.1213,0.2164,-0.2669,0.1305
3630,新鉅科技股份有限公司,OTC,3630.TWO,2026-09-24,0.3625,-0.2722,-0.0102,0.4398,-0.2262,0.2965,0.6722,-0.4571,0.3887
3631,晟楠科技股份有限公司,OTC,3631.TWO,2026-09-24,0.307,0.8213,-0.0063,0.3915,0.6314,0.2656,0.4289,0.6072,0.2534
3632,研勤科技股份有限公司,OTC,3632.TWO,2026-09-24,0.1231,-0.3829,0.0065,0.0358,-0.5186,0.0379,0.0723,-0.3087,0.0552
3646,艾恩特精密工業股份有限公司,OTC,3646.TWO,2026-09-24,0.0233,0.4308,0.0134,0.0484,0.1062,0.046,0.047,-0.1457,0.0411
3663,鑫科材料科技股份有限公司,OTC,3663.TWO,2026-09-24,1.0424,-0.7826,-0.0574,1.0772,-0.6498,0.7044,1.1111,-0.206,0.6326
3664,安瑞科技股份有限公司,OTC,3664.TWO,2026-09-24,0.6438,1.1572,-0.0297,0.7322,0.0819,0.4836,0.6593,-0.8717,0.3815
3666,光耀科技股份有限公司,OTC,3666.TWO,2026-09-24,0.0487,0.0271,0.0116,0.0533,-0.0809,0.0491,0.056,-0.0352,0.0461
3672,康聯訊科技股份有限公司,OTC,3672.TWO,2026-09-24,0.4374,0.1012,-0.0154,0.3438,0.2945,0.235,0.2308,-0.1498,0.1433
3675,德微科技股份有限公司,OTC,3675.TWO,2026-09-24,1.4227,-0.1453,-0.0838,1.1323,0.9902,0.7397,1.1956,0.4732,0.6796
3680,家登精密工業股份有限公司,OTC,3680.TWO,2026-09-24,1.2966,0.1721,-0.075,1.3017,0.1711,0.8481,1.2702,-0.0409,0.7211
3684,榮昌科技股份有限公司,OTC,3684.TWO,2026-09-24,0.2611,-0.0012,-0.0031,0.2861,-0.2275,0.1981,0.3291,0.0742,0.1979
3685,元創精密車業股份有限公司,OTC,3685.TWO,2026-09-24,0.2042,1.0475,0.0008,0.186,0.4434,0.134,0.2123,0.2591,0.133
3687,茂為歐買尬數位科技股份有限公司,OTC,3687.TWO,2026-09-24,0.3443,-0.9318,-0.0089,0.2305,-0.3664,0.1625,0.3143,-0.353,0.1897
3689,湧德電子股份有限公司,OTC,3689.TWO,2026-09-24,0.8098,-0.1307,-0.0412,0.797,-0.3818,0.5251,0.922,-0.216,0.5275
3691,碩禾電子材料股份有限公司,OTC,3691.TWO,2026-09-24,1.0206,-0.5309,-0.0558,0.8643,0.0217,0.5682,0.9404,0.1437,0.5378
3693,營邦企業股份有限公司,OTC,3693.TWO,2026-09-24,0.953,2.0417,-0.0512,1.0179,0.5099,0.6665,1.1855,0.7849,0.674
3707,漢磊科技股份有限公司,OTC,3707.TWO,2026-09-24,1.3065,-0.2655,-0.0757,1.331,0.289,0.8669,1.3245,-0.3007,0.7513
3709,鑫聯大投資控股股份有限公司,OTC,3709.TWO,2026-09-24,0.6731,-0.4004,-0.0317,0.5199,-0.1672,0.3477,0.547,0.3261,0.3191
3710,連展投資控股股份有限公司,OTC,3710.TWO,2026-09-24,0.2915,-0.7002,-0.0052,0.3589,-0.6735,0.2447,0.427,-0.7724,0.2524
3713,新晶投資控股股份有限公司,OTC,3713.TWO,2026-09-24,0.1847,-0.1806,0.0022,0.1825,-0.0451,0.1318,0.3417,-0.6255,0.2049
4102,永日化學工業股份有限公司,OTC,4102.TWO,2026-09-24,0.0796,-0.1286,0.0095,0.0694,-0.1086,0.0594,0.0978,-0.1714,0.0694
4105,台灣東洋藥品工業股份有限公司,OTC,4105.TWO,2026-09-24,0.0389,0.05,0.0123,0.0288,0.1198,0.0334,0.0896,0.027,0.0648
4107,邦特生物科技股份有限公司,OTC,4107.TWO,2026-09-24,0.1041,0.0626,0.0078,0.1147,-0.1043,0.0884,0.1684,-0.0944,0.1086
4109,加捷生醫股份有限公司,OTC,4109.TWO,2026-09-24,0.2184,-0.1336,-0.0002,0.2,-0.3435,0.143,0.2597,-0.5092,0.1594
4111,濟生醫藥生技股份有限公司,OTC,4111.TWO,2026-09-24,0.0614,0.0336,0.0107,0.0443,0.0341,0.0434,0.0997,-0.0625,0.0704
4113,聯上實業股份有限公司,OTC,4113.TWO,2026-09-24,0.1718,0.2105,0.0031,0.0852,-0.1849,0.0695,0.197,-0.5141,0.1245
4114,健喬信元醫藥生技股份有限公司,OTC,4114.TWO,2026-09-24,0.0721,0.1864,0.01,0.0901,0.0593,0.0727,0.154,-0.1244,0.1006
4116,明基三豐醫療器材股份有限公司,OTC,4116.TWO,2026-09-24,0.1359,0.2775,0.0056,0.1732,0.0081,0.1258,0.2021,-0.2655,0.1273
4120,友華生技醫藥股份有限公司,OTC,4120.TWO,2026-09-24,0.0114,0.4541,0.0142,0.0026,0.1565,0.0167,0.1119,-0.0351,0.0772
4121,優盛醫學科技股份有限公司,OTC,4121.TWO,2026-09-24,0.1754,-0.1523,0.0028,0.1386,-0.4811,0.1037,0.2007,-0.2046,0.1266
4123,晟德大藥廠股份有限公司,OTC,4123.TWO,2026-09-24,0.0944,-0.3894,0.0084,0.1071,-0.4448,0.0835,0.1534,-0.0958,0.1003
4126,太平洋醫材股份有限公司,OTC,4126.TWO,2026-09-24,0.0488,0.1063,0.0116,0.0358,0.0399,0.0379,0.0458,-0.1007,0.0405
4127,天良生物科技企業股份有限公司,OTC,4127.TWO,2026-09-24,0.3809,-1.1818,-0.0114,0.3986,0.6978,0.2701,0.2983,0.3519,0.1808
4128,中天生物科技股份有限公司,OTC,4128.TWO,2026-09-24,0.3551,-0.1739,-0.0096,0.2561,-0.4177,0.1789,0.3191,-0.5733,0.1924
4129,聯合骨科器材股份有限公司,OTC,4129.TWO,2026-09-24,0.1538,-0.2683,0.0043,0.1124,-0.3521,0.0869,0.1755,-0.4053,0.1126
4131,浩泰精準股份有限公司,OTC,4131.TWO,2026-09-24,-0.0272,-0.158,0.0169,-0.0133,-0.1698,0.0065,0.001,0.0235,0.0156
4138,曜亞國際股份有限公司,OTC,4138.TWO,2026-09-24,0.0544,0.442,0.0112,0.0536,-0.065,0.0493,0.0711,-0.186,0.0545
4139,馬光保健控股股份有限公司,OTC,4139.TWO,2026-09-24,0.2751,2.4214,-0.0041,0.158,1.1692,0.1161,0.1361,0.5478,0.0907
4147,中裕新藥股份有限公司,OTC,4147.TWO,2026-09-24,0.4545,0.0413,-0.0165,0.3077,0.1085,0.2119,0.3599,-0.3216,0.2151
4153,鈺緯科技開發股份有限公司,OTC,4153.TWO,2026-09-24,0.0394,0.2382,0.0123,0.0187,0.0578,0.027,0.0584,-0.1647,0.0475
4154,樂威科股份有限公司,OTC,4154.TWO,2026-09-24,0.2839,-0.0766,-0.0047,0.1854,-0.3865,0.1337,0.2026,-0.4033,0.1276
4157,太景醫藥研發控股股份有限公司,OTC,4157.TWO,2026-09-24,0.4447,0.2052,-0.0159,0.3547,-0.7093,0.242,0.4219,-0.1425,0.2495
4160,訊聯基因數位股份有限公司,OTC,4160.TWO,2026-09-24,0.0405,0.1764,0.0122,0.0737,-0.1731,0.0622,0.1834,-0.3147,0.1169
4161,聿新生物科技股份有限公司,OTC,4161.TWO,2026-09-24,0.074,-0.0194,0.0099,0.0429,-0.1669,0.0425,0.1242,-0.2719,0.084
4162,智擎生技製藥股份有限公司,OTC,4162.TWO,2026-09-24,0.31,-0.3174,-0.0065,0.2126,-0.164,0.1511,0.2755,-0.2681,0.1681
4163,鐿鈦科技股份有限公司,OTC,4163.TWO,2026-09-24,0.0807,0.4155,0.0094,0.1375,0.6062,0.103,0.1396,0.2897,0.0926
4166,友霖生技醫藥股份有限公司,OTC,4166.TWO,2026-09-24,-0.0629,-0.1894,0.0194,-0.0304,-0.0757,-0.0045,0.129,-0.082,0.0867
4167,松瑞製藥股份有限公司,OTC,4167.TWO,2026-09-24,0.2889,0.3361,-0.0051,0.2185,-0.0553,0.1548,0.2733,0.099,0.1669
4168,台灣醣聯生技醫藥股份有限公司,OTC,4168.TWO,2026-09-24,0.2271,-0.539,-0.0008,0.1606,-0.1767,0.1178,0.217,-0.2019,0.1356
4171,瑞基海洋生物科技股份有限公司,OTC,4171.TWO,2026-09-24,0.0036,-0.0461,0.0148,0.016,-0.2767,0.0252,0.1416,-0.0947,0.0937
4173,久裕企業股份有限公司,OTC,4173.TWO,2026-09-24,0.1163,-0.1797,0.0069,0.0958,-0.3378,0.0763,0.1621,-0.4339,0.1051
4174,台灣浩鼎生技股份有限公司,OTC,4174.TWO,2026-09-24,0.3506,0.5517,-0.0093,0.3213,-0.4311,0.2206,0.2628,-0.5137,0.1611
4175,杏一醫療用品股份有限公司,OTC,4175.TWO,2026-09-24,0.0577,0.0834,0.011,0.077,-0.0924,0.0643,0.1143,-0.1678,0.0785
4183,福永生物科技股份有限公司,OTC,4183.TWO,2026-09-24,0.2414,-0.2836,-0.0018,0.1849,-0.3751,0.1333,0.1533,-0.405,0.1002
4188,安克生醫股份有限公司,OTC,4188.TWO,2026-09-24,0.3505,1.437,-0.0093,0.2587,0.2422,0.1806,0.2925,-0.174,0.1776
4192,杏國新藥股份有限公司,OTC,4192.TWO,2026-09-23,0.1987,-0.3627,0.0112,0.1685,-0.2725,0.1199,0.0947,-0.4566,0.0655
4198,欣大健康投資控股股份有限公司,OTC,4198.TWO,2026-09-24,0.1857,1.1525,0.0021,0.3508,0.4528,0.2395,0.3051,0.2162,0.1846
4205,中華食品實業股份有限公司,OTC,4205.TWO,2026-09-24,0.0182,-0.0733,0.0137,0.0316,-0.184,0.0352,0.0696,-0.2546,0.0537
4207,環泰企業股份有限公司,OTC,4207.TWO,2026-09-24,0.1291,0.0298,0.006,0.1371,0.0441,0.1027,0.1532,0.0361,0.1002
4303,信立化學工業股份有限公司,OTC,4303.TWO,2026-09-24,0.6547,0.4404,-0.0304,0.5229,-0.4815,0.3497,0.5632,-0.6657,0.3281
4304,勝昱科技股份有限公司,OTC,4304.TWO,2026-09-24,-0.0332,-0.0121,0.0173,0.1425,-0.8253,0.1062,0.1749,0.9932,0.1122
4305,世坤塑膠股份有限公司,OTC,4305.TWO,2026-09-24,0.0209,-0.0636,0.0135,0.0426,0.033,0.0423,0.0202,0.1016,0.0262
4401,東隆興業股份有限公司,OTC,4401.TWO,2026-09-24,0.2486,0.1393,-0.0023,0.1112,-0.1255,0.0862,0.1429,-0.2646,0.0944
4402,郡都開發股份有限公司,OTC,4402.TWO,2026-09-24,0.0244,-0.8826,0.0133,-0.1061,-0.2387,-0.0529,-0.0486,-0.2424,-0.012
4406,新昕纖維股份有限公司,OTC,4406.TWO,2026-09-24,0.0114,0.17,0.0142,0.0532,0.0258,0.049,0.0477,0.0086,0.0415
4413,飛寶企業股份有限公司,OTC,4413.TWO,2026-09-24,0.1699,1.8151,0.0032,0.12,0.3569,0.0918,0.0548,0.2594,0.0455
4416,三圓建設股份有限公司,OTC,4416.TWO,2026-09-24,0.1983,1.0474,0.0012,0.1807,0.1149,0.1306,0.1938,-1.4116,0.1227
4417,金洲海洋科技股份有限公司,OTC,4417.TWO,2026-09-24,0.0785,0.4772,0.0096,0.0796,0.094,0.0659,0.1092,0.0524,0.0757
4419,皇家國際美食股份有限公司,OTC,4419.TWO,2026-09-24,0.0134,0.1006,0.0141,-0.0261,-0.2026,-0.0017,-0.0209,-0.0001,0.0034
4420,光明絲織廠股份有限公司,OTC,4420.TWO,2026-09-24,0.1825,0.1381,0.0023,0.1221,-0.3255,0.0931,0.1332,-0.2895,0.089
4430,耀億工業股份有限公司,OTC,4430.TWO,2026-09-24,0.0985,0.1221,0.0082,0.0205,0.0001,0.0281,0.0329,-0.0805,0.0333
4432,銘旺實業股份有限公司,OTC,4432.TWO,2026-09-24,0.2199,0.1512,-0.0003,0.1773,-0.0458,0.1285,0.1892,-0.1641,0.1202
4433,興采實業股份有限公司,OTC,4433.TWO,2026-09-24,0.0485,-0.4173,0.0116,0.0212,-0.2026,0.0286,0.111,-0.1731,0.0767
4442,開曼群島商竣邦國際股份有限公司,OTC,4442.TWO,2026-09-24,-0.0789,0.4454,0.0205,-0.0523,-0.0355,-0.0185,-0.0337,0.1102,-0.0037
4502,健信科技工業股份有限公司,OTC,4502.TWO,2026-09-24,0.038,-0.0101,0.0124,-0.0076,-0.008,0.0101,-0.023,-0.0619,0.0022
4503,金雨企業股份有限公司,OTC,4503.TWO,2026-09-24,0.9485,-2.0565,-0.0508,0.7175,-1.3205,0.4742,0.6938,-1.1202,0.4007
4506,崇友實業(股)公司,OTC,4506.TWO,2026-09-24,0.0723,0.104,0.01,0.0631,0.0903,0.0554,0.118,-0.1066,0.0806
4510,高鋒工業股份有限公司,OTC,4510.TWO,2026-09-24,0.7578,0.3561,-0.0376,0.7168,-0.2574,0.4738,0.7563,-0.3542,0.4354
4513,福裕事業股份有限公司,OTC,4513.TWO,2026-09-24,0.5641,0.2642,-0.0242,0.3478,-0.127,0.2376,0.4995,-0.3796,0.2927
4523,永彰科技股份有限公司,OTC,4523.TWO,2026-09-24,0.3176,-0.5491,-0.007,0.3288,-0.4665,0.2254,0.4556,-0.4507,0.2683
4527,(方方土)霖冷凍機械股份有限公司,OTC,4527.TWO,2026-09-24,0.0915,0.1254,0.0086,0.1203,-0.0171,0.092,0.1203,0.0742,0.0819
4528,江興鍛壓工業股份有限公司,OTC,4528.TWO,2026-09-24,0.1696,-0.103,0.0032,0.073,-0.344,0.0617,0.1091,-0.263,0.0756
4529,淳紳股份有限公司,OTC,4529.TWO,2026-09-24,0.4697,-0.6471,-0.0176,0.0401,0.3019,0.0407,-0.008,0.0216,0.0106
4530,天意能創股份有限公司,OTC,4530.TWO,2026-09-24,-0.1016,-0.2392,0.0221,-0.1917,-0.1577,-0.1077,-0.1358,-0.0131,-0.0605
4533,協易機械工業股份有限公司,OTC,4533.TWO,2026-09-24,0.7805,-0.3445,-0.0392,0.7619,-0.7544,0.5026,0.6557,-0.1064,0.3795
4534,慶騰精密科技股份有限公司,OTC,4534.TWO,2026-09-24,1.0858,0.4676,-0.0604,1.0718,0.2707,0.701,1.0757,0.279,0.613
4535,至興精機股份有限公司,OTC,4535.TWO,2026-09-24,0.035,0.0728,0.0126,0.0301,-0.0377,0.0343,0.0424,-0.0779,0.0386
4538,大詠城機械股份有限公司,OTC,4538.TWO,2026-09-24,0.0463,-0.2789,0.0118,0.0537,-0.0734,0.0494,0.0833,-0.0379,0.0613
4541,晟田科技工業股份有限公司,OTC,4541.TWO,2026-09-24,0.5729,0.4397,-0.0248,0.5676,0.651,0.3783,0.6707,-0.0033,0.3878
4542,科嶠工業股份有限公司,OTC,4542.TWO,2026-09-24,1.5082,-1.2312,-0.0897,1.3085,1.1876,0.8525,1.2531,1.4251,0.7116
4543,萬在工業股份有限公司,OTC,4543.TWO,2026-09-24,0.498,-0.696,-0.0196,0.517,-0.3724,0.3459,0.605,0.0093,0.3513
4549,桓達科技股份有限公司,OTC,4549.TWO,2026-09-24,0.5499,0.2239,-0.0232,0.551,-0.1375,0.3676,0.5856,-0.392,0.3405
4550,長佳機電工程股份有限公司,OTC,4550.TWO,2026-09-24,0.1071,-0.0522,0.0076,0.0887,0.0111,0.0718,0.1345,-0.0495,0.0898
4554,橙的電子股份有限公司,OTC,4554.TWO,2026-09-24,0.3196,0.2316,-0.0072,0.2116,0.1886,0.1504,0.2823,-0.0271,0.1719
4556,旭然國際股份有限公司,OTC,4556.TWO,2026-09-24,0.7346,1.546,-0.036,0.6842,2.6107,0.4529,0.6163,1.3845,0.3576
4558,寶緯工業股份有限公司,OTC,4558.TWO,2026-09-24,0.273,-0.1918,-0.0039,0.2389,-0.4394,0.1679,0.1655,-0.4581,0.107
4561,健椿工業股份有限公司,OTC,4561.TWO,2026-09-24,0.7411,0.5573,-0.0364,0.8287,0.2364,0.5454,0.9372,-0.2855,0.536
4563,百德機械股份有限公司,OTC,4563.TWO,2026-09-24,0.6325,0.9015,-0.0289,0.6257,0.1987,0.4155,0.7042,-0.3445,0.4065
4568,科際精密股份有限公司,OTC,4568.TWO,2026-09-24,-0.0047,-0.0169,0.0153,-0.0337,-0.0124,-0.0066,0.0193,-0.0556,0.0257
4577,達航科技股份有限公司,OTC,4577.TWO,2026-09-24,0.7703,0.0012,-0.0385,0.8329,-0.7787,0.5481,1.0545,0.5679,0.6012
4580,捷流閥業股份有限公司,OTC,4580.TWO,2026-09-24,0.1801,0.1498,0.0025,0.1973,0.0046,0.1413,0.2052,-0.1474,0.1291
4584,君帆工業股份有限公司,OTC,4584.TWO,2026-09-24,0.1105,-0.0828,0.0073,0.013,-0.169,0.0233,0.0757,-0.3253,0.0571
4609,唐鋒實業股份有限公司,OTC,4609.TWO,2026-09-23,0.1133,-0.5235,0.0128,0.127,-0.1597,0.0941,0.0948,-0.3671,0.0656
4702,中美聯合實業股份有限公司,OTC,4702.TWO,2026-09-24,0.2062,-0.1154,0.0007,0.1685,-0.1377,0.1228,0.1667,-0.1026,0.1077
4706,大恭化學工業股份有限公司,OTC,4706.TWO,2026-09-24,0.091,0.3762,0.0087,0.1094,0.2204,0.085,0.0896,0.2438,0.0648
4707,磐亞股份有限公司,OTC,4707.TWO,2026-09-24,0.9857,0.9341,-0.0534,0.8156,1.9954,0.537,0.649,1.0285,0.3758
4711,永純化學工業股份有限公司,OTC,4711.TWO,2026-09-24,0.2716,-0.0583,-0.0039,0.1562,0.1258,0.115,0.2238,0.0416,0.1394
4714,永捷創新科技股份有限公司,OTC,4714.TWO,2026-09-24,0.458,-0.0583,-0.0168,0.5431,-0.607,0.3626,0.5722,-0.8456,0.3331
4716,大立高分子工業股份有限公司,OTC,4716.TWO,2026-09-24,0.4177,-1.0272,-0.014,0.309,0.3879,0.2128,0.364,-0.0985,0.2173
4721,美琪瑪國際股份有限公司,OTC,4721.TWO,2026-09-24,0.7421,-0.3369,-0.0365,0.8266,-0.2009,0.544,0.8007,-0.261,0.4601
4726,永昕生物醫藥股份有限公司,OTC,4726.TWO,2026-09-24,0.241,-0.4957,-0.0017,0.2319,-0.8279,0.1634,0.2211,-0.6239,0.1379
4728,雙美生物科技股份有限公司,OTC,4728.TWO,2026-09-24,0.0349,0.1963,0.0126,-0.0297,0.0889,-0.004,0.005,0.019,0.0178
4729,熒茂光學股份有限公司,OTC,4729.TWO,2026-09-24,0.6604,-0.5472,-0.0308,0.5721,-0.3162,0.3812,0.6197,-0.4987,0.3595
4735,豪展醫療科技股份有限公司,OTC,4735.TWO,2026-09-24,0.1684,0.8277,0.0033,0.1329,0.4381,0.1001,0.1699,0.0976,0.1094
4741,泓瀚科技股份有限公司,OTC,4741.TWO,2026-09-24,0.9162,-1.4586,-0.0486,0.7353,-0.3659,0.4856,0.6212,0.4165,0.3603
4743,合一生技股份有限公司,OTC,4743.TWO,2026-09-24,0.5999,-0.4681,-0.0266,0.4922,-0.6453,0.33,0.5108,-0.6164,0.2989
4744,皇將科技股份有限公司,OTC,4744.TWO,2026-09-24,-0.1348,0.7185,0.0244,-0.0957,-0.4008,-0.0462,0.0857,0.0216,0.0626
4745,合富醫療控股股份有限公司,OTC,4745.TWO,2026-09-24,0.4888,-0.6883,-0.0189,0.3079,-1.1816,0.2121,0.3649,-0.469,0.2178
4747,強生化學製藥廠股份有限公司,OTC,4747.TWO,2026-09-24,0.0424,0.0751,0.0121,0.0089,-0.1998,0.0207,0.0698,-0.4138,0.0538
4749,新應材股份有限公司,OTC,4749.TWO,2026-09-24,0.85,-0.7687,-0.044,0.9965,-0.6839,0.6528,1.0324,-0.68,0.5889
4754,國碳科技股份有限公司,OTC,4754.TWO,2026-09-24,0.1103,0.1314,0.0073,0.1295,0.0681,0.0979,0.106,-0.0164,0.0739
4760,勤凱科技股份有限公司,OTC,4760.TWO,2026-09-24,1.2991,-0.552,-0.0752,1.3155,0.2219,0.8569,1.2938,-0.0451,0.7342
4767,誠泰工業科技股份有限公司,OTC,4767.TWO,2026-09-24,0.0817,0.3424,0.0093,0.0732,0.2815,0.0618,0.105,-0.0429,0.0734
4768,晶呈科技股份有限公司,OTC,4768.TWO,2026-09-24,1.1269,-0.1497,-0.0632,1.1207,-1.0776,0.7323,1.2324,0.0954,0.7001
4772,台灣特品化學股份有限公司,OTC,4772.TWO,2026-09-24,0.887,-0.2283,-0.0466,0.7645,-0.62,0.5043,0.9305,-0.6621,0.5323
4804,大略國際控股有限公司,OTC,4804.TWO,2026-09-23,0.0,0.0,0.015,-0.1139,-1.1772,-0.0559,-0.0612,-0.8578,-0.0177
4806,桂田文創娛樂股份有限公司,OTC,4806.TWO,2026-09-23,0.0739,0.0494,0.0136,0.1081,-0.1217,0.0823,0.2446,-0.4195,0.1455
4903,聯合光纖通信股份有限公司,OTC,4903.TWO,2026-09-24,1.0317,0.6043,-0.0566,0.9566,-0.4798,0.6272,0.9789,0.0371,0.5592
4905,台聯電訊股份有限公司,OTC,4905.TWO,2026-09-24,0.2153,0.7449,0.0001,0.4103,-0.0903,0.2776,0.3443,0.1743,0.2064
4907,富宇地產股份有限公司,OTC,4907.TWO,2026-09-24,0.1504,0.6237,0.0046,0.1114,0.2703,0.0863,0.1401,0.0714,0.0929
4908,前鼎光電股份有限公司,OTC,4908.TWO,2026-09-24,1.5052,1.3166,-0.0895,1.5283,0.9981,0.9931,1.3964,0.4571,0.7912
4909,新復興微波通訊股份有限公司,OTC,4909.TWO,2026-09-24,0.8799,-0.8943,-0.0461,0.8297,-1.4303,0.546,0.8906,-0.7858,0.5101
4911,德英生物科技股份有限公司,OTC,4911.TWO,2026-09-24,0.1046,0.177,0.0077,0.0882,-0.5422,0.0714,0.0128,-0.4469,0.0221
4923,力士科技股份有限公司,OTC,4923.TWO,2026-09-24,1.142,0.7573,-0.0643,1.094,0.7637,0.7152,0.9434,0.4235,0.5394
4924,欣厚科技股份有限公司,OTC,4924.TWO,2026-09-24,0.6585,1.0436,-0.0307,0.4428,0.9317,0.2984,0.4236,0.115,0.2505
4931,新盛力科技股份有限公司,OTC,4931.TWO,2026-09-24,1.3163,0.5283,-0.0764,1.1356,0.8711,0.7418,1.1896,0.0814,0.6763
4933,友輝光電股份有限公司,OTC,4933.TWO,2026-09-24,0.4747,-0.6611,-0.018,0.4522,-0.2539,0.3044,0.4693,-0.2679,0.2759
4939,亞洲電材股份有限公司,OTC,4939.TWO,2026-09-24,1.3723,1.3401,-0.0803,1.0462,1.7516,0.6846,1.0937,0.7986,0.623
4946,紅心辣椒娛樂科技股份有限公司,OTC,4946.TWO,2026-09-24,0.5545,-0.1563,-0.0235,0.3009,-0.2977,0.2076,0.469,-0.4548,0.2757
4950,金耘國際股份有限公司,OTC,4950.TWO,2026-09-24,0.1723,-0.1274,0.003,0.2091,-0.076,0.1488,0.205,1.1215,0.129
4951,精拓科技股份有限公司,OTC,4951.TWO,2026-09-24,0.61,-0.1496,-0.0273,0.7116,0.377,0.4704,0.6925,-0.0521,0.4
4953,緯致科技股份有限公司,OTC,4953.TWO,2026-09-24,0.4544,-0.1138,-0.0165,0.4476,-0.0201,0.3015,0.4656,-0.0828,0.2738
4966,譜瑞科技股份有限公司,OTC,4966.TWO,2026-09-24,0.7458,-0.1621,-0.0368,0.7788,0.1278,0.5134,0.7671,-0.575,0.4414
4971,英特磊科技股份有限公司,OTC,4971.TWO,2026-09-24,1.8486,1.2414,-0.1133,1.8167,-0.7826,1.1777,1.7246,0.8029,0.9737
4972,湯石照明科技股份有限公司,OTC,4972.TWO,2026-09-24,0.0987,-0.1141,0.0081,0.058,-0.1869,0.0521,0.0459,-0.1005,0.0405
4973,廣穎電通股份有限公司,OTC,4973.TWO,2026-09-24,1.1661,-0.5109,-0.0659,1.0725,1.0352,0.7014,1.1308,1.2954,0.6436
4974,亞泰影像科技股份有限公司,OTC,4974.TWO,2026-09-24,0.4285,0.1098,-0.0147,0.3814,-0.1061,0.2591,0.4541,-0.2916,0.2674
4979,華星光通科技股份有限公司,OTC,4979.TWO,2026-09-24,1.5489,1.4636,-0.0925,1.6495,0.1732,1.0707,1.6454,0.4588,0.9297
4991,環宇通訊半導體控股股份有限公司,OTC,4991.TWO,2026-09-24,1.8504,-0.0348,-0.1134,1.8825,-0.5927,1.2198,1.814,0.6904,1.0234
4995,晶達光電股份有限公司,OTC,4995.TWO,2026-09-24,0.2007,0.5129,0.0011,0.2754,0.3822,0.1913,0.2666,0.0089,0.1632
5009,榮剛材料科技股份有限公司,OTC,5009.TWO,2026-09-24,0.3573,0.0776,-0.0098,0.5226,-0.1772,0.3495,0.5196,-0.3086,0.3038
5011,久陽精密股份有限公司,OTC,5011.TWO,2026-09-24,0.6157,-1.1361,-0.0277,0.6414,0.4269,0.4255,0.4961,0.4385,0.2908
5013,強新工業股份有限公司,OTC,5013.TWO,2026-09-24,-0.0268,0.8051,0.0169,0.0382,0.2811,0.0394,0.0313,0.1978,0.0324
5014,建錩實業股份有限公司,OTC,5014.TWO,2026-09-24,0.0708,-0.1113,0.0101,0.1553,-0.0459,0.1144,0.2103,-0.0761,0.1319
5015,華祺工業股份有限公司,OTC,5015.TWO,2026-09-24,0.1198,-0.0432,0.0067,0.1228,-0.3626,0.0936,0.1095,-0.3457,0.0759
5016,松和工業股份有限公司,OTC,5016.TWO,2026-09-24,0.0901,0.045,0.0087,0.1067,-0.4493,0.0833,0.2169,-0.0605,0.1356
5201,凱衛資訊股份有限公司,OTC,5201.TWO,2026-09-24,0.1205,0.4496,0.0066,-0.0036,-0.5205,0.0127,0.1014,-0.3136,0.0714
5202,力新國際科技股份有限公司,OTC,5202.TWO,2026-09-24,0.5634,0.2834,-0.0241,0.326,0.2366,0.2236,0.4074,-0.4324,0.2415
5205,中茂能資系統整合科技(股)公司,OTC,5205.TWO,2026-09-24,0.0691,-1.3879,0.0102,0.0934,-1.0861,0.0748,0.0699,-0.5685,0.0539
5206,坤悅開發股份有限公司,OTC,5206.TWO,2026-09-24,0.2018,0.4449,0.001,0.0891,-0.2605,0.072,0.1355,-0.4195,0.0903
5209,新鼎系統股份有限公司,OTC,5209.TWO,2026-09-24,0.1335,0.2576,0.0057,0.1398,0.1057,0.1045,0.198,0.046,0.1251
5210,寶碩財務科技股份有限公司,OTC,5210.TWO,2026-09-24,0.2042,0.0728,0.0008,0.3153,0.5474,0.2168,0.2599,0.1127,0.1595
5211,蒙恬科技股份有限公司,OTC,5211.TWO,2026-09-24,0.4852,-0.2473,-0.0187,0.2704,-0.1139,0.1881,0.2336,-0.4526,0.1449
5212,凌網科技股份有限公司,OTC,5212.TWO,2026-09-24,0.12,0.0804,0.0067,0.0623,-0.1733,0.0549,0.0971,0.0317,0.069
5213,亞昕國際開發股份有限公司,OTC,5213.TWO,2026-09-24,0.1118,-0.296,0.0072,0.1019,-0.3433,0.0802,0.1652,-0.1659,0.1068
5220,萬達光電科技股份有限公司,OTC,5220.TWO,2026-09-24,0.1641,-0.1172,0.0036,0.2833,-0.0372,0.1963,0.3207,-0.1379,0.1933
5223,安力國際股份有限公司,OTC,5223.TWO,2026-09-24,0.3418,-0.361,-0.0087,0.3177,-0.4959,0.2183,0.2777,-0.3105,0.1694
5227,蓋曼群島商立凱電能科技(股)公司,OTC,5227.TWO,2026-09-24,0.49,-0.3255,-0.019,0.336,0.525,0.23,0.364,-0.0289,0.2173
5228,鈺鎧科技股份有限公司,OTC,5228.TWO,2026-09-24,1.1817,-2.1423,-0.067,0.9408,0.8029,0.6171,0.9546,0.4741,0.5457
5230,雷笛克光學股份有限公司,OTC,5230.TWO,2026-09-24,0.6269,0.6249,-0.0285,0.3537,0.7108,0.2414,0.4489,0.1588,0.2645
5245,智晶光電股份有限公司,OTC,5245.TWO,2026-09-24,0.3513,-0.9982,-0.0094,0.2783,-0.4092,0.1931,0.406,-0.3404,0.2407
5251,天鉞電子股份有限公司,OTC,5251.TWO,2026-09-24,0.5644,0.0198,-0.0242,0.4803,-0.0652,0.3224,0.5334,-0.6209,0.3115
5263,智崴資訊科技股份有限公司,OTC,5263.TWO,2026-09-24,0.3731,-0.3017,-0.0109,0.3417,-0.1785,0.2337,0.3916,-0.1181,0.2327
5272,笙科電子股份有限公司,OTC,5272.TWO,2026-09-24,0.5352,-0.7548,-0.0222,0.6577,-0.8758,0.4359,0.7308,-0.5547,0.4212
5274,信驊科技股份有限公司,OTC,5274.TWO,2026-09-24,1.2514,1.3254,-0.0719,1.2481,0.7415,0.8138,1.2783,1.0546,0.7256
5276,達輝股份有限公司,OTC,5276.TWO,2026-09-24,0.1008,0.1036,0.008,0.1402,0.5301,0.1047,0.1333,0.2213,0.0891
5278,尚凡國際創新科技股份有限公司,OTC,5278.TWO,2026-09-24,0.1913,-0.127,0.0017,0.1156,-0.0301,0.089,0.2226,-0.3824,0.1387
5287,數字科技股份有限公司,OTC,5287.TWO,2026-09-24,0.1366,0.1574,0.0055,0.0853,-0.1205,0.0696,0.1167,-0.168,0.0799
5289,宜鼎國際股份有限公司,OTC,5289.TWO,2026-09-24,1.1427,-0.3832,-0.0643,1.2316,0.1878,0.8032,1.4063,1.0346,0.7967
5291,邑昇實業股份有限公司,OTC,5291.TWO,2026-09-24,0.9154,0.1347,-0.0485,0.8472,-0.8048,0.5572,0.9166,0.6063,0.5245
5299,杰力科技股份有限公司,OTC,5299.TWO,2026-09-24,0.5987,-0.4951,-0.0266,0.7544,0.3233,0.4978,0.7398,0.0508,0.4262
5301,寶得利國際股份有限公司,OTC,5301.TWO,2026-09-24,0.0711,-0.9036,0.0101,0.0457,-1.2944,0.0442,0.0536,-0.7449,0.0448
5302,太欣半導體股份有限公司,OTC,5302.TWO,2026-09-24,0.5871,-0.7729,-0.0258,0.4882,-0.3917,0.3275,0.6052,-0.0986,0.3514
5309,系統電子工業股份有限公司,OTC,5309.TWO,2026-09-24,0.9442,-0.523,-0.0505,0.8752,-0.5158,0.5751,0.9066,-0.5285,0.519
5310,天剛資訊股份有限公司,OTC,5310.TWO,2026-09-24,0.0801,0.716,0.0094,0.0576,0.1449,0.0519,0.1743,-0.4514,0.1119
5312,寶島光學科技股份有限公司,OTC,5312.TWO,2026-09-24,0.138,0.1639,0.0054,0.1151,-0.0621,0.0887,0.1617,-0.0759,0.1049
5314,世紀民生科技股份有限公司,OTC,5314.TWO,2026-09-24,0.8917,2.7393,-0.0469,0.6858,0.7214,0.4539,0.7705,-0.4388,0.4433
5315,光聯科技股份有限公司,OTC,5315.TWO,2026-09-24,0.2026,-0.4687,0.0009,0.2542,-0.3753,0.1777,0.3035,-0.2388,0.1837
5321,美而快國際股份有限公司,OTC,5321.TWO,2026-09-24,0.4533,1.1218,-0.0165,0.2658,2.3929,0.1851,0.2512,0.597,0.1546
5324,士林開發股份有限公司,OTC,5324.TWO,2026-09-24,0.0788,0.0803,0.0095,0.0817,0.0366,0.0673,0.0769,0.1503,0.0577
5328,華容股份有限公司,OTC,5328.TWO,2026-09-24,1.1691,-1.3176,-0.0662,1.0308,1.4306,0.6747,1.0851,0.8472,0.6182
5340,建榮工業材料股份有限公司,OTC,5340.TWO,2026-09-24,1.2427,-0.2328,-0.0713,1.2007,-1.0176,0.7835,1.3192,0.1554,0.7483
5344,立衛科技股份有限公司,OTC,5344.TWO,2026-09-24,0.4372,-0.406,-0.0153,0.3768,-0.1351,0.2562,0.4143,-0.1801,0.2453
5345,馥鴻建設股份有限公司,OTC,5345.TWO,2026-09-23,0.7052,-0.5221,0.0014,0.2452,-0.0354,0.1677,0.2094,-0.053,0.1267
5347,世界先進積體電路股份有限公司,OTC,5347.TWO,2026-09-24,1.1719,-0.385,-0.0663,1.2051,0.4361,0.7863,1.1582,0.1174,0.6588
5348,正能量智能股份有限公司,OTC,5348.TWO,2026-09-24,-0.0784,0.2239,0.0204,-0.2111,0.1472,-0.1201,-0.1739,0.0122,-0.0817
5351,鈺創科技股份有限公司,OTC,5351.TWO,2026-09-24,1.4687,1.6213,-0.0869,1.3068,0.484,0.8514,1.3972,0.7443,0.7917
5353,台林電通股份有限公司,OTC,5353.TWO,2026-09-24,0.3543,-0.3345,-0.0096,0.3187,0.2071,0.219,0.365,-0.0611,0.2179
5355,佳總興業股份有限公司,OTC,5355.TWO,2026-09-24,0.4733,0.7021,-0.0179,0.399,-0.009,0.2704,0.4801,-0.3108,0.2819
5356,協益電子股份有限公司,OTC,5356.TWO,2026-09-24,0.1405,0.0606,0.0052,0.1585,0.1682,0.1164,0.2014,0.0066,0.127
5364,力麗觀光開發股份有限公司,OTC,5364.TWO,2026-09-24,0.1566,-0.1088,0.0041,0.1627,-0.7848,0.1191,0.1961,-0.8104,0.124
5381,光譜電工股份有限公司,OTC,5381.TWO,2026-09-24,0.7237,-0.815,-0.0352,0.44,-0.4272,0.2966,0.5927,-0.3595,0.3445
5386,青雲國際科技股份有限公司,OTC,5386.TWO,2026-09-24,0.99,0.4759,-0.0537,1.1189,0.6169,0.7311,1.0179,1.8293,0.5808
5392,能率創新股份有限公司,OTC,5392.TWO,2026-09-24,0.8119,-0.2307,-0.0414,0.7508,-0.0642,0.4955,0.8586,-0.7,0.4923
5398,慕康生技醫藥股份有限公司,OTC,5398.TWO,2026-09-24,0.0414,-0.6812,0.0121,0.0534,-1.0052,0.0492,0.1003,-0.36,0.0708
5403,中菲電腦股份有限公司,OTC,5403.TWO,2026-09-24,0.072,0.0142,0.01,0.0831,-0.155,0.0682,0.0982,-0.2732,0.0696
5410,國眾電腦股份有限公司,OTC,5410.TWO,2026-09-24,0.5234,-0.7951,-0.0213,0.4158,0.1338,0.2811,0.418,-0.121,0.2474
5425,台灣半導體股份有限公司,OTC,5425.TWO,2026-09-24,1.3258,-0.5973,-0.077,1.1812,0.8189,0.771,1.2077,0.1815,0.6863
5426,振發實業股份有限公司,OTC,5426.TWO,2026-09-24,0.773,-0.6404,-0.0387,0.6311,0.5969,0.4189,0.6456,0.0261,0.3739
5432,新門科技股份有限公司,OTC,5432.TWO,2026-09-24,0.7739,0.4486,-0.0387,0.579,0.2896,0.3856,0.6154,0.111,0.3571
5438,東友科技股份有限公司,OTC,5438.TWO,2026-09-24,0.4541,-0.229,-0.0165,0.4061,-0.366,0.2749,0.5716,-0.7826,0.3327
5439,高技企業股份有限公司,OTC,5439.TWO,2026-09-24,1.293,-0.5649,-0.0748,1.2001,-0.7159,0.7831,1.2841,-0.7223,0.7288
5443,均豪精密工業股份有限公司,OTC,5443.TWO,2026-09-24,1.1459,-0.3731,-0.0645,1.1198,-0.3349,0.7317,1.0854,-0.4297,0.6184
5450,南良國際股份有限公司,OTC,5450.TWO,2026-09-24,-0.0676,0.2035,0.0197,-0.0571,0.2589,-0.0215,0.045,0.1288,0.04
5452,佶優科技股份有限公司,OTC,5452.TWO,2026-09-24,0.8351,-0.9552,-0.043,0.9696,-0.7735,0.6356,1.0109,-0.2756,0.5769
5455,昇益開發股份有限公司,OTC,5455.TWO,2026-09-24,0.1372,0.5402,0.0055,0.0463,0.5304,0.0446,0.0316,0.0343,0.0326
5457,宣德科技股份有限公司,OTC,5457.TWO,2026-09-24,0.4327,-1.1591,-0.015,0.5824,-0.9434,0.3877,0.6278,-0.8954,0.364
5460,同協電子股份有限公司,OTC,5460.TWO,2026-09-24,0.42,0.0293,-0.0142,0.3117,0.1712,0.2145,0.3142,0.0124,0.1897
5464,霖宏科技股份有限公司,OTC,5464.TWO,2026-09-24,1.1808,-0.2077,-0.067,1.0473,2.0861,0.6853,0.779,1.1707,0.448
5465,富驊企業股份有限公司,OTC,5465.TWO,2026-09-24,0.4431,1.6885,-0.0158,0.3806,0.5755,0.2586,0.4561,-0.1146,0.2685
5468,凱鈺科技股份有限公司,OTC,5468.TWO,2026-09-24,1.0496,-0.668,-0.0579,0.7955,0.4062,0.5241,0.7399,0.3152,0.4263
5474,聰泰科技開發股份有限公司,OTC,5474.TWO,2026-09-24,0.7289,0.0681,-0.0356,0.7313,0.2011,0.483,0.7626,-0.3795,0.4389
5475,德宏工業股份有限公司,OTC,5475.TWO,2026-09-24,1.4803,-0.511,-0.0878,1.4901,-1.2065,0.9687,1.621,0.7777,0.9161
5478,智冠科技股份有限公司,OTC,5478.TWO,2026-09-24,0.1361,-0.2385,0.0056,0.0983,-0.1002,0.0779,0.1944,-0.1192,0.1231
5481,新華泰富股份有限公司,OTC,5481.TWO,2026-09-24,0.0924,0.039,0.0086,0.1706,-0.0665,0.1242,0.2284,0.0147,0.142
5483,中美矽晶製品股份有限公司,OTC,5483.TWO,2026-09-24,1.1935,0.1943,-0.0678,1.3447,0.6444,0.8756,1.3068,0.0107,0.7414
5487,通泰積體電路股份有限公司,OTC,5487.TWO,2026-09-24,0.2234,0.1561,-0.0005,0.2117,0.0104,0.1505,0.1684,-0.1324,0.1086
5488,松普科技股份有限公司,OTC,5488.TWO,2026-09-24,0.5744,-0.0947,-0.0249,0.5381,0.1641,0.3594,0.4776,-0.0197,0.2805
5489,彩富電子股份有限公司,OTC,5489.TWO,2026-09-24,0.4698,-1.1126,-0.0176,0.4538,0.1565,0.3054,0.3542,-0.0154,0.2119
5490,同亨科技股份有限公司,OTC,5490.TWO,2026-09-24,0.5548,-0.1418,-0.0235,0.4548,-0.2616,0.3061,0.5043,-0.392,0.2953
5493,三聯科技股份有限公司,OTC,5493.TWO,2026-09-24,0.5924,0.2934,-0.0261,0.5143,0.2077,0.3442,0.6578,-0.0953,0.3807
5498,凱崴電子股份有限公司,OTC,5498.TWO,2026-09-24,1.2935,-0.4029,-0.0748,1.3115,-0.7446,0.8544,1.4316,0.5459,0.8108
5508,永信建設開發股份有限公司,OTC,5508.TWO,2026-09-24,0.2151,0.1871,0.0001,0.1485,0.1898,0.11,0.2491,-0.5245,0.1535
5511,德昌營造股份有限公司,OTC,5511.TWO,2026-09-24,0.0756,0.5189,0.0098,0.0415,0.3877,0.0416,0.1258,0.359,0.0849
5512,力麒建設股份有限公司,OTC,5512.TWO,2026-09-24,0.1611,-0.1177,0.0038,0.0939,-0.0845,0.0751,0.1451,-0.1394,0.0957
5514,三豐建設股份有限公司,OTC,5514.TWO,2026-09-24,0.025,0.2463,0.0133,0.0101,-0.1645,0.0215,0.0552,-0.168,0.0457
5516,雙喜營造股份有限公司,OTC,5516.TWO,2026-09-24,0.2557,0.9746,-0.0027,0.1085,-0.0908,0.0844,0.1479,-0.1061,0.0972
5520,力泰建設企業股份有限公司,OTC,5520.TWO,2026-09-24,0.0412,-0.009,0.0121,0.0371,0.0017,0.0387,0.0394,-0.0245,0.0369
5523,豐謙建設股份有限公司,OTC,5523.TWO,2026-09-24,0.0163,-0.0058,0.0139,0.027,0.0502,0.0323,0.0181,0.0036,0.0251
5529,鉅陞國際開發股份有限公司,OTC,5529.TWO,2026-09-24,0.2517,0.9009,-0.0025,0.0176,0.1678,0.0263,0.1002,-0.0067,0.0707
5530,龍巖股份有限公司,OTC,5530.TWO,2026-09-24,0.091,0.0789,0.0087,0.2238,0.0073,0.1582,0.2962,-0.2532,0.1797
5536,聖暉工程科技股份有限公司,OTC,5536.TWO,2026-09-24,0.9627,-1.3705,-0.0518,0.8668,0.2004,0.5698,0.8765,-0.1106,0.5022
5543,桓鼎股份有限公司,OTC,5543.TWO,2026-09-24,0.0239,-0.1591,0.0133,0.084,-0.0362,0.0688,0.1362,0.3862,0.0907
5547,久舜營造股份有限公司,OTC,5547.TWO,2026-09-24,0.0262,0.0826,0.0132,0.0092,0.0927,0.0209,0.0681,-0.0218,0.0529
5548,安倉營造股份有限公司,OTC,5548.TWO,2026-09-24,0.0092,-0.1136,0.0144,0.0138,-0.1712,0.0238,0.054,-0.0751,0.045
5601,臺聯貨櫃通運股份有限公司,OTC,5601.TWO,2026-09-24,0.0731,-0.5541,0.0099,0.0665,-0.4948,0.0576,0.0562,-0.2755,0.0462
5603,陸海股份有限公司,OTC,5603.TWO,2026-09-24,0.1393,-0.1761,0.0053,0.0327,-0.4016,0.0359,0.0358,-0.3606,0.0349
5604,中連誠企業股份有限公司,OTC,5604.TWO,2026-09-24,0.0569,0.0482,0.0111,0.0494,-0.2545,0.0466,0.0559,-0.1629,0.0461
5609,中菲行國際物流股份有限公司,OTC,5609.TWO,2026-09-24,0.0927,0.1303,0.0086,0.0933,0.0843,0.0747,0.1182,0.004,0.0807
5701,劍湖山世界股份有限公司,OTC,5701.TWO,2026-09-24,0.0884,-0.6619,0.0089,0.0742,0.4651,0.0625,0.0955,-0.0381,0.0681
5703,亞都麗緻大飯店股份有限公司,OTC,5703.TWO,2026-09-23,-0.0227,0.0903,0.0154,-0.0426,0.1683,-0.0115,-0.0616,-0.049,-0.0179
5704,知本老爺大酒店股份有限公司,OTC,5704.TWO,2026-09-24,0.0962,0.2524,0.0083,0.065,0.0346,0.0566,0.1056,-0.2393,0.0737
5864,致和證券股份有限公司,OTC,5864.TWO,2026-09-24,0.9884,-0.2403,-0.0536,0.919,0.7864,0.6032,0.9601,0.7269,0.5487
5878,台名保險經紀人股份有限公司,OTC,5878.TWO,2026-09-24,-0.0219,-0.1234,0.0165,-0.005,-0.1445,0.0118,0.0168,-0.0872,0.0243
5902,德記洋行股份有限公司,OTC,5902.TWO,2026-09-24,0.0562,0.0889,0.0111,0.0225,-0.1791,0.0294,0.045,-0.2963,0.04
5903,全家便利商店股份有限公司,OTC,5903.TWO,2026-09-24,0.0198,0.1165,0.0136,0.0155,0.0314,0.0249,0.0201,0.0018,0.0262
5904,寶雅國際股份有限公司,OTC,5904.TWO,2026-09-24,0.0646,0.3338,0.0105,0.1709,0.7502,0.1244,0.2157,0.3996,0.1349
5905,南仁湖育樂股份有限公司,OTC,5905.TWO,2026-09-24,0.1965,-0.5022,0.0014,0.2348,-0.2415,0.1653,0.2951,-0.5397,0.179
6015,宏遠證券股份有限公司,OTC,6015.TWO,2026-09-24,0.642,0.1461,-0.0296,0.6825,0.3566,0.4518,0.7105,0.2348,0.41
6016,康和綜合證券股份有限公司,OTC,6016.TWO,2026-09-24,0.6517,-0.0632,-0.0302,0.7029,0.7155,0.4649,0.7165,0.4621,0.4133
6020,大展證券股份有限公司,OTC,6020.TWO,2026-09-24,0.1769,-0.3822,0.0027,0.3145,-0.0409,0.2163,0.2605,-0.0084,0.1598
6021,美好證券股份有限公司,OTC,6021.TWO,2026-09-24,0.5928,0.2763,-0.0261,0.5493,0.6083,0.3666,0.6284,0.46,0.3643
6023,元大期貨股份有限公司,OTC,6023.TWO,2026-09-24,0.0817,0.177,0.0093,0.0983,0.0874,0.0779,0.0929,0.1615,0.0666
6026,福邦證券股份有限公司,OTC,6026.TWO,2026-09-24,0.4202,-0.0278,-0.0142,0.4715,0.0952,0.3168,0.5239,0.2002,0.3062
6028,公勝保險經紀人股份有限公司,OTC,6028.TWO,2026-09-24,0.1492,1.0031,0.0046,0.1364,0.3284,0.1023,0.1576,-0.1544,0.1026
6101,寬魚國際股份有限公司,OTC,6101.TWO,2026-09-24,0.3642,-0.6014,-0.0103,0.2776,-0.1105,0.1927,0.2218,-0.0522,0.1383
6103,合邦電子股份有限公司,OTC,6103.TWO,2026-09-24,0.3954,1.6412,-0.0124,0.3024,-0.0337,0.2085,0.2321,0.1025,0.144
6104,創惟科技股份有限公司,OTC,6104.TWO,2026-09-24,0.6844,-0.3082,-0.0325,0.6811,-0.2891,0.4509,0.7896,-0.5472,0.4539
6109,亞元科技股份有限公司,OTC,6109.TWO,2026-09-24,0.2967,-0.8579,-0.0056,0.3087,-0.4918,0.2126,0.3467,-0.0756,0.2077
6111,光聚晶電聯合股份有限公司,OTC,6111.TWO,2026-09-24,0.3137,-0.5838,-0.0068,0.3359,-0.4889,0.23,0.4106,-0.5073,0.2432
6113,亞矽科技股份有限公司,OTC,6113.TWO,2026-09-24,0.7012,-0.6118,-0.0337,0.6716,-0.0936,0.4448,0.7644,-0.2712,0.4399
6114,久威國際股份有限公司,OTC,6114.TWO,2026-09-24,0.374,-0.879,-0.011,0.4364,-0.6845,0.2943,0.4735,-0.4744,0.2782
6118,建達國際股份有限公司,OTC,6118.TWO,2026-09-24,0.2505,-0.0961,-0.0024,0.4056,-0.3081,0.2746,0.5681,-0.4908,0.3308
6121,新普科技股份有限公司,OTC,6121.TWO,2026-09-24,0.509,-0.0861,-0.0203,0.4135,0.0709,0.2796,0.4209,-0.0993,0.249
6122,擎邦國際科技工程股份有限公司,OTC,6122.TWO,2026-09-24,0.1961,1.0749,0.0014,0.1947,0.3795,0.1396,0.3303,0.119,0.1986
6123,上奇科技股份有限公司,OTC,6123.TWO,2026-09-24,0.1642,0.1515,0.0036,0.1369,0.0065,0.1026,0.1577,-0.2482,0.1027
6124,業強科技股份有限公司,OTC,6124.TWO,2026-09-24,0.4172,-0.2579,-0.014,0.4668,-0.2936,0.3138,0.496,-0.1173,0.2907
6125,廣運機械工程股份有限公司,OTC,6125.TWO,2026-09-24,0.7185,-0.6007,-0.0349,0.7597,-0.5687,0.5012,0.819,-0.7804,0.4703
6126,信音企業股份有限公司,OTC,6126.TWO,2026-09-24,0.599,-0.3927,-0.0266,0.7638,-0.2156,0.5038,0.7971,-0.1324,0.4581
6127,九豪精密陶瓷股份有限公司,OTC,6127.TWO,2026-09-24,1.2775,-2.6671,-0.0737,1.0786,-0.0514,0.7053,1.0834,0.2906,0.6172
6129,普誠科技股份有限公司,OTC,6129.TWO,2026-09-24,0.7869,-1.2134,-0.0396,0.8429,-0.6426,0.5545,0.8978,-0.5205,0.5141
6130,上亞科技股份有限公司,OTC,6130.TWO,2026-09-24,0.3272,0.0837,-0.0077,0.3338,-0.3905,0.2286,0.3114,-0.6644,0.1881
6134,萬旭電業股份有限公司,OTC,6134.TWO,2026-09-24,0.8435,-0.4716,-0.0436,0.8461,-0.3086,0.5565,0.8907,-0.1245,0.5101
6138,茂達電子股份有限公司,OTC,6138.TWO,2026-09-24,1.1637,-0.8121,-0.0658,1.2689,0.1245,0.8271,1.1157,-0.1933,0.6352
6140,訊達電腦股份有限公司,OTC,6140.TWO,2026-09-24,0.5645,0.5005,-0.0242,0.4463,0.1713,0.3006,0.5448,-0.6642,0.3178
6143,振曜科技股份有限公司,OTC,6143.TWO,2026-09-24,0.5726,-0.4685,-0.0247,0.4947,-0.456,0.3316,0.5543,-0.7822,0.3231
6144,得利影視股份有限公司,OTC,6144.TWO,2026-09-24,0.0643,-0.5824,0.0105,0.0849,-0.5805,0.0693,0.0142,-0.4519,0.0229
6146,耕興股份有限公司,OTC,6146.TWO,2026-09-24,0.2224,-0.0542,-0.0004,0.3008,-0.0694,0.2075,0.3606,-0.0523,0.2155
6147,頎邦科技股份有限公司,OTC,6147.TWO,2026-09-24,1.6361,0.405,-0.0986,1.5865,1.4032,1.0304,1.4395,0.901,0.8152
6148,驊宏資通股份有限公司,OTC,6148.TWO,2026-09-24,0.6356,1.2706,-0.0291,0.4165,0.2724,0.2816,0.6225,-0.3722,0.361
6150,撼訊科技股份有限公司,OTC,6150.TWO,2026-09-24,0.6303,0.1379,-0.0288,0.5955,-0.0306,0.3961,0.7364,-0.6052,0.4244
6151,晉倫科技股份有限公司,OTC,6151.TWO,2026-09-24,0.4469,-0.4056,-0.016,0.5278,-0.0978,0.3528,0.5536,0.002,0.3227
6154,順發電腦股份有限公司,OTC,6154.TWO,2026-09-24,0.0844,0.1471,0.0091,0.0736,0.1677,0.0621,0.0735,0.0191,0.0559
6156,松上電子股份有限公司,OTC,6156.TWO,2026-09-24,0.6776,-1.553,-0.032,0.7247,-0.1474,0.4788,0.732,-0.3672,0.4219
6158,禾昌興業股份有限公司,OTC,6158.TWO,2026-09-24,0.3151,0.0831,-0.0069,0.2219,-0.1624,0.157,0.2065,-0.4331,0.1298
6160,欣技資訊股份有限公司,OTC,6160.TWO,2026-09-24,0.4662,-0.5448,-0.0174,0.3889,-0.4331,0.2639,0.4517,-0.6805,0.2661
6161,捷波資訊股份有限公司,OTC,6161.TWO,2026-09-24,0.7393,0.0642,-0.0363,0.6787,0.2301,0.4494,0.6059,-0.3324,0.3518
6163,華電聯網股份有限公司,OTC,6163.TWO,2026-09-24,0.9383,-0.4197,-0.0501,1.0334,-1.2183,0.6764,1.1174,0.3072,0.6361
6167,久正光電股份有限公司,OTC,6167.TWO,2026-09-24,0.5121,-0.6322,-0.0205,0.5199,-0.7441,0.3477,0.6496,-0.4876,0.3761
6169,昱泉國際股份有限公司,OTC,6169.TWO,2026-09-24,0.1582,-0.7774,0.004,0.0955,-0.6296,0.0761,0.1582,-0.5694,0.1029
6170,統振股份有限公司,OTC,6170.TWO,2026-09-24,0.0746,0.0205,0.0098,0.0741,0.0167,0.0624,0.1465,-0.045,0.0964
6171,大城地產股份有限公司,OTC,6171.TWO,2026-09-24,0.1759,0.4799,0.0028,0.051,-0.0286,0.0476,0.106,-0.1736,0.0739
6173,信昌電子陶瓷股份有限公司,OTC,6173.TWO,2026-09-24,1.7566,0.2461,-0.1069,1.8035,2.9281,1.1693,1.6132,1.2716,0.9118
6174,安碁科技股份有限公司,OTC,6174.TWO,2026-09-24,0.9812,-0.5116,-0.0531,0.9032,1.2405,0.5931,0.7526,0.5478,0.4334
6175,立敦科技股份有限公司,OTC,6175.TWO,2026-09-24,0.9869,-1.5628,-0.0535,0.7963,0.6071,0.5246,0.819,0.3223,0.4703
6179,亞通利大能源股份有限公司,OTC,6179.TWO,2026-09-24,0.6151,1.7169,-0.0277,0.4405,0.7884,0.2969,0.4906,0.0151,0.2877
6180,遊戲橘子數位科技股份有限公司,OTC,6180.TWO,2026-09-24,0.2295,-0.6263,-0.0009,0.0473,-0.0551,0.0453,0.1435,-0.4276,0.0948
6182,合晶科技股份有限公司,OTC,6182.TWO,2026-09-24,1.4858,0.0713,-0.0881,1.721,2.1923,1.1165,1.5747,0.8819,0.8904
6185,幃翔精密股份有限公司,OTC,6185.TWO,2026-09-24,0.2294,-0.3945,-0.0009,0.2638,-0.3193,0.1838,0.3144,-0.4457,0.1898
6186,新潤興業股份有限公司,OTC,6186.TWO,2026-09-24,0.1397,-1.0721,0.0053,0.1354,-0.4168,0.1017,0.2069,-0.765,0.13
6187,萬潤科技股份有限公司,OTC,6187.TWO,2026-09-24,1.4844,0.9982,-0.088,1.3291,0.1819,0.8656,1.3634,0.7633,0.7729
6188,廣明光電股份有限公司,OTC,6188.TWO,2026-09-24,0.6435,-0.8033,-0.0297,0.6913,-1.0438,0.4574,0.7493,-1.0035,0.4315
6190,萬泰科技股份有限公司,OTC,6190.TWO,2026-09-24,1.0203,-0.5706,-0.0558,0.8609,0.1678,0.566,0.9434,0.1992,0.5394
6194,育富電子股份有限公司,OTC,6194.TWO,2026-09-24,0.0929,-0.0423,0.0086,0.1654,-0.1238,0.1209,0.2274,-0.2043,0.1414
6195,詩肯股份有限公司,OTC,6195.TWO,2026-09-24,0.1121,0.4342,0.0072,0.11,0.3503,0.0854,0.1096,0.0036,0.0759
6198,瑞築建設股份有限公司,OTC,6198.TWO,2026-09-24,0.3012,-0.2265,-0.0059,0.1911,-0.3113,0.1373,0.2295,-0.5515,0.1426
6199,天品聯合企業股份有限公司,OTC,6199.TWO,2026-09-24,0.4196,0.9742,-0.0141,0.3281,0.2345,0.225,0.4358,0.0645,0.2573
6203,海韻電子工業股份有限公司,OTC,6203.TWO,2026-09-24,0.185,-0.1707,0.0022,0.3482,-0.2727,0.2379,0.3753,-0.1386,0.2236
6204,台灣艾華電子工業股份有限公司,OTC,6204.TWO,2026-09-24,1.0483,-0.1197,-0.0578,0.9182,0.9091,0.6027,0.8738,0.1714,0.5007
6207,雷科股份有限公司,OTC,6207.TWO,2026-09-24,1.3913,-0.6519,-0.0816,1.1881,1.5457,0.7754,0.9896,0.4638,0.5651
6208,日揚科技股份有限公司,OTC,6208.TWO,2026-09-24,0.4787,-0.8366,-0.0182,0.7398,0.539,0.4885,0.583,0.291,0.3391
6210,慶生電子股份有限公司,OTC,6210.TWO,2026-09-24,0.1932,-0.4513,0.0016,0.1497,-0.2643,0.1108,0.1568,-0.0935,0.1022
6212,理銘開發股份有限公司,OTC,6212.TWO,2026-09-24,0.0974,0.535,0.0082,0.0894,0.1732,0.0722,0.0809,-0.2926,0.06
6217,中國探針股份有限公司,OTC,6217.TWO,2026-09-24,1.6199,-1.3211,-0.0974,1.6693,-0.8973,1.0834,1.792,0.8385,1.0112
6218,豪勉科技股份有限公司,OTC,6218.TWO,2026-09-24,0.7421,2.6597,-0.0365,0.6368,1.6864,0.4226,0.6899,1.0511,0.3985
6219,富旺國際開發股份有限公司,OTC,6219.TWO,2026-09-24,0.3619,-0.172,-0.0101,0.2101,-0.4848,0.1495,0.2699,-0.6577,0.165
6220,岳豐科技股份有限公司,OTC,6220.TWO,2026-09-24,0.5537,-1.0801,-0.0234,0.5019,-0.7153,0.3362,0.4316,0.1752,0.2549
6221,晉泰科技股份有限公司,OTC,6221.TWO,2026-09-24,0.2892,1.9298,-0.0051,0.2326,0.4738,0.1639,0.2871,-0.121,0.1746
6222,立軒開發建設股份有限公司,OTC,6222.TWO,2026-09-24,0.1591,-0.551,0.004,0.1676,-0.3311,0.1223,0.161,-0.1521,0.1045
6223,旺矽科技股份有限公司,OTC,6223.TWO,2026-09-24,1.5027,-0.4414,-0.0893,1.2762,0.2414,0.8318,1.2841,0.7708,0.7288
6227,茂綸股份有限公司,OTC,6227.TWO,2026-09-24,0.4517,0.8551,-0.0164,0.4951,0.713,0.3319,0.5931,0.2559,0.3447
6228,全譜科技股份有限公司,OTC,6228.TWO,2026-09-24,0.0125,-0.3522,0.0141,0.193,-0.4677,0.1385,0.2064,-0.4723,0.1297
6229,研通科技股份有限公司,OTC,6229.TWO,2026-09-24,0.5096,-0.3637,-0.0204,0.624,0.0334,0.4144,0.5807,-0.2891,0.3378
6231,系微股份有限公司,OTC,6231.TWO,2026-09-24,0.913,-0.5071,-0.0484,0.9162,-0.6517,0.6014,0.9788,-0.4532,0.5591
6233,旺玖科技股份有限公司,OTC,6233.TWO,2026-09-24,0.6864,-0.4365,-0.0326,0.6866,-0.622,0.4544,0.7593,-0.2559,0.4371
6234,高僑自動化科技股份有限公司,OTC,6234.TWO,2026-09-24,1.0889,-0.4748,-0.0606,1.0618,0.2641,0.6946,0.9858,0.1337,0.563
6236,中湛股份有限公司,OTC,6236.TWO,2026-09-24,-0.1185,0.3366,0.0232,-0.0705,-0.2205,-0.0301,-0.0486,-0.3777,-0.012
6237,驊訊電子企業股份有限公司,OTC,6237.TWO,2026-09-24,0.786,-0.5227,-0.0396,0.8266,-0.2686,0.544,0.8461,-0.4886,0.4853
6240,松崗國際興業股份有限公司,OTC,6240.TWO,2026-09-24,-0.0318,1.7027,0.0172,0.0111,0.8687,0.0221,0.139,0.382,0.0923
6241,鑫永洋科技股份有限公司,OTC,6241.TWO,2026-09-24,0.3166,-1.0214,-0.007,0.3187,-0.0274,0.219,0.4192,-0.2225,0.248
6242,立康生醫事業股份有限公司,OTC,6242.TWO,2026-09-24,0.0048,-0.1991,0.0147,0.0163,-0.1293,0.0254,0.0173,-0.1373,0.0246
6244,茂迪股份有限公司,OTC,6244.TWO,2026-09-24,0.7759,-0.3596,-0.0389,0.6954,-0.434,0.4601,0.827,0.0578,0.4747
6245,立端科技股份有限公司,OTC,6245.TWO,2026-09-24,0.6024,0.6033,-0.0268,0.6059,0.2139,0.4028,0.6082,-0.1508,0.3531
6246,臺龍電子股份有限公司,OTC,6246.TWO,2026-09-24,0.6215,-0.606,-0.0281,0.5572,-0.8443,0.3716,0.4984,-0.3675,0.2921
6248,沛波鋼鐵股份有限公司,OTC,6248.TWO,2026-09-24,0.197,0.0295,0.0013,0.158,-0.3195,0.1161,0.1973,-0.235,0.1247
6259,百徽股份有限公司,OTC,6259.TWO,2026-09-24,0.826,-0.9731,-0.0423,0.7242,1.0116,0.4785,0.587,0.4767,0.3413
6261,久元電子股份有限公司,OTC,6261.TWO,2026-09-24,0.7934,-0.4962,-0.0401,0.9298,-0.197,0.6101,0.7792,-0.0209,0.4481
6263,普萊德科技股份有限公司,OTC,6263.TWO,2026-09-24,0.4885,0.0457,-0.0189,0.6334,0.3,0.4204,0.5433,-0.0832,0.317
6264,富裔實業股份有限公司,OTC,6264.TWO,2026-09-24,0.0443,-0.0156,0.0119,0.0156,-0.1276,0.025,0.0323,-0.2062,0.033
6265,方土昶股份有限公司,OTC,6265.TWO,2026-09-24,1.1141,0.1159,-0.0623,1.0713,0.1442,0.7006,1.1986,1.0376,0.6813
6266,泰詠電子股份有限公司,OTC,6266.TWO,2026-09-24,0.2139,0.0176,0.0002,0.2021,-0.2268,0.1443,0.2422,-0.2464,0.1496
6270,倍微科技股份有限公司,OTC,6270.TWO,2026-09-24,0.8659,-0.9081,-0.0451,0.6649,0.2081,0.4405,0.7191,0.0488,0.4147
6274,台燿科技股份有限公司,OTC,6274.TWO,2026-09-24,1.658,-0.0444,-0.1001,1.7984,1.0969,1.166,1.7218,1.0165,0.9721
6275,元山科技工業股份有限公司,OTC,6275.TWO,2026-09-24,0.4678,-0.0046,-0.0175,0.53,-0.1834,0.3542,0.5827,-0.1529,0.3389
6276,安鈦克科技股份有限公司,OTC,6276.TWO,2026-09-24,0.302,-0.3706,-0.006,0.2691,-1.177,0.1872,0.476,-0.9854,0.2796
6279,胡連精密股份有限公司,OTC,6279.TWO,2026-09-24,0.2888,0.086,-0.005,0.2555,0.0527,0.1785,0.3681,-0.2439,0.2196
6284,佳邦科技股份有限公司,OTC,6284.TWO,2026-09-24,1.2011,-1.1495,-0.0684,1.0994,-0.6376,0.7186,1.0802,-0.4404,0.6155
6290,良維科技股份有限公司,OTC,6290.TWO,2026-09-24,1.1589,-0.1002,-0.0654,1.0745,0.3152,0.7027,1.1078,0.4621,0.6308
6291,沛亨半導體股份有限公司,OTC,6291.TWO,2026-09-24,1.2355,-0.0928,-0.0708,1.213,0.2283,0.7913,1.2293,0.7716,0.6984
6292,迅德興業股份有限公司,OTC,6292.TWO,2026-09-24,0.7964,0.1894,-0.0403,0.8236,0.4976,0.5421,0.734,0.2431,0.423
6294,智基科技開發股份有限公司,OTC,6294.TWO,2026-09-24,0.2944,0.2507,-0.0054,0.18,-0.6554,0.1302,0.1848,-0.5936,0.1177
6411,晶焱科技股份有限公司,OTC,6411.TWO,2026-09-24,0.7187,-0.6977,-0.0349,0.8454,-0.1889,0.5561,0.8701,-0.2624,0.4987
6417,韋僑科技股份有限公司,OTC,6417.TWO,2026-09-24,0.5258,-0.854,-0.0215,0.6104,-0.2614,0.4057,0.5345,-0.2862,0.3121
6418,詠昇電子股份有限公司,OTC,6418.TWO,2026-09-24,0.7491,0.6374,-0.037,0.4107,0.2442,0.2779,0.6073,-0.9899,0.3526
6419,京晨科技股份有限公司,OTC,6419.TWO,2026-09-24,1.1267,0.3736,-0.0632,0.984,0.6441,0.6448,1.0282,0.8159,0.5866
6423,億而得微電子股份有限公司,OTC,6423.TWO,2026-09-24,0.6246,0.3833,-0.0284,0.8254,-0.2253,0.5433,0.9327,-0.2565,0.5335
6425,易發精機股份有限公司,OTC,6425.TWO,2026-09-24,1.0226,0.2787,-0.056,0.9536,-0.1533,0.6253,0.9021,-0.1345,0.5165
6432,今展科技股份有限公司,OTC,6432.TWO,2026-09-24,0.8551,-0.6727,-0.0444,0.9036,1.0604,0.5933,0.8658,0.5776,0.4963
6435,大中積體電路股份有限公司,OTC,6435.TWO,2026-09-24,1.2524,-1.0103,-0.0719,1.282,0.5634,0.8355,1.2046,0.5289,0.6846
6441,廣錠科技股份有限公司,OTC,6441.TWO,2026-09-24,0.3286,0.6234,-0.0078,0.3774,0.4911,0.2565,0.3915,-0.1098,0.2326
6461,益得生物科技股份有限公司,OTC,6461.TWO,2026-09-24,0.022,-0.0004,0.0135,0.0675,-0.3929,0.0582,0.149,-0.1775,0.0978
6462,神盾股份有限公司,OTC,6462.TWO,2026-09-24,0.5659,-0.5693,-0.0243,0.7418,-0.5218,0.4898,0.8866,-0.5154,0.5079
6465,威潤科技股份有限公司,OTC,6465.TWO,2026-09-24,0.4941,-1.584,-0.0193,0.603,-0.3275,0.4009,0.7146,0.7962,0.4122
6469,大樹醫藥股份有限公司,OTC,6469.TWO,2026-09-24,0.0855,-0.4803,0.0091,0.1155,-0.4671,0.0889,0.1728,-0.7427,0.1111
6470,宇智網通股份有限公司,OTC,6470.TWO,2026-09-24,0.2339,-0.2103,-0.0012,0.238,-0.1881,0.1673,0.2029,0.051,0.1278
6474,華豫寧股份有限公司,OTC,6474.TWO,2026-09-24,0.3007,0.1227,-0.0059,0.281,-0.0454,0.1948,0.2254,-0.2291,0.1403
6482,弘煜科技事業股份有限公司,OTC,6482.TWO,2026-09-24,0.1818,-0.3039,0.0024,0.1226,-0.5143,0.0935,0.1922,-0.687,0.1218
6485,點序科技股份有限公司,OTC,6485.TWO,2026-09-24,1.1267,-0.3393,-0.0632,0.9183,-0.5727,0.6027,1.0665,-0.2399,0.6079
6486,互動國際數位股份有限公司,OTC,6486.TWO,2026-09-24,0.1208,0.2577,0.0066,0.1418,-0.0296,0.1058,0.2275,0.0777,0.1415
6488,環球晶圓股份有限公司,OTC,6488.TWO,2026-09-24,1.2677,-0.1411,-0.073,1.5416,1.235,1.0016,1.44,0.2754,0.8155
6492,生華生物科技股份有限公司,OTC,6492.TWO,2026-09-24,0.1588,-0.8779,0.004,0.2094,-0.8375,0.149,0.2499,-0.2398,0.1539
6494,九齊科技股份有限公司,OTC,6494.TWO,2026-09-24,0.7823,-0.8487,-0.0393,0.8565,-0.0158,0.5632,0.8646,0.0126,0.4956
6496,科懋生物科技股份有限公司,OTC,6496.TWO,2026-09-24,-0.036,-0.1743,0.0175,-0.0134,-0.2138,0.0064,0.0632,-0.2345,0.0501
6498,久禾光電股份有限公司,OTC,6498.TWO,2026-09-24,0.7582,-1.2097,-0.0376,0.7251,-0.7858,0.4791,0.7577,-0.673,0.4362
6499,益安生醫股份有限公司,OTC,6499.TWO,2026-09-24,0.5775,0.4292,-0.0251,0.4063,-0.5872,0.275,0.4672,-0.3563,0.2747
6506,雙邦實業股份有限公司,OTC,6506.TWO,2026-09-24,0.2695,0.4077,-0.0037,0.3246,0.1844,0.2227,0.2646,0.098,0.1621
6508,惠光股份有限公司,OTC,6508.TWO,2026-09-24,0.2532,0.6847,-0.0026,0.1756,-0.0402,0.1274,-0.0094,0.1729,0.0098
6509,聚和國際股份有限公司,OTC,6509.TWO,2026-09-24,0.5202,-0.1259,-0.0211,0.437,-0.0089,0.2947,0.4792,0.1964,0.2814
6510,中華精測科技股份有限公司,OTC,6510.TWO,2026-09-24,1.1811,0.3755,-0.067,1.0325,-0.3017,0.6758,1.1157,0.3028,0.6352
6512,啟發電子股份有限公司,OTC,6512.TWO,2026-09-24,0.1472,0.0877,0.0048,0.0848,0.0237,0.0693,0.1309,-0.0734,0.0878
6516,勤崴國際科技股份有限公司,OTC,6516.TWO,2026-09-24,0.1926,0.0123,0.0016,0.176,-0.1305,0.1276,0.2012,-0.2054,0.1268
6517,保勝光學股份有限公司,OTC,6517.TWO,2026-09-24,0.2499,-0.2545,-0.0023,0.3932,0.1848,0.2667,0.5143,-0.2074,0.3009
6523,達爾膚生醫科技股份有限公司,OTC,6523.TWO,2026-09-24,0.0918,-0.2963,0.0086,0.0744,-0.5354,0.0626,0.083,-0.292,0.0611
6527,明達醫學科技股份有限公司,OTC,6527.TWO,2026-09-24,0.2016,0.3509,0.001,0.1023,0.1877,0.0805,0.1113,-0.1473,0.0769
6530,創威光電股份有限公司,OTC,6530.TWO,2026-09-24,1.2145,1.0467,-0.0693,1.2235,-0.2497,0.7981,1.1743,0.1167,0.6678
6532,瑞耘科技股份有限公司,OTC,6532.TWO,2026-09-24,0.8921,0.501,-0.0469,0.885,0.3237,0.5814,0.8813,0.2133,0.5049
6535,順天醫藥生技股份有限公司,OTC,6535.TWO,2026-09-24,0.4795,-0.7177,-0.0183,0.274,-1.2595,0.1904,0.3592,-1.4011,0.2147
6538,倉和股份有限公司,OTC,6538.TWO,2026-09-24,0.624,4.7958,-0.0283,0.7596,3.5032,0.5012,0.7728,1.5287,0.4446
6542,隆中網絡股份有限公司,OTC,6542.TWO,2026-09-24,-0.0994,-0.4834,0.0219,0.0556,-0.5945,0.0506,0.0274,-0.1164,0.0302
6546,正基科技股份有限公司,OTC,6546.TWO,2026-09-24,0.7476,-0.403,-0.0369,0.7436,-0.6254,0.4909,0.815,-0.5257,0.468
6547,高端疫苗生物製劑股份有限公司,OTC,6547.TWO,2026-09-24,0.2876,1.3206,-0.005,0.0956,0.0869,0.0762,0.1573,0.5012,0.1024
6548,長華科技股份有限公司,OTC,6548.TWO,2026-09-24,1.1178,-0.3622,-0.0626,1.0109,0.5078,0.662,1.042,0.3874,0.5942
6556,勝品電通股份有限公司,OTC,6556.TWO,2026-09-24,0.0407,-0.3576,0.0122,0.0729,-0.0564,0.0617,0.1297,-0.1657,0.0871
6560,欣普羅光電股份有限公司,OTC,6560.TWO,2026-09-24,0.5587,-0.6281,-0.0238,0.4512,-0.6413,0.3038,0.4988,-0.4563,0.2923
6561,是方電訊股份有限公司,OTC,6561.TWO,2026-09-24,0.1272,-0.286,0.0062,0.1694,-0.309,0.1234,0.2565,-0.3599,0.1576
6568,宏觀微電子股份有限公司,OTC,6568.TWO,2026-09-24,0.908,-0.2802,-0.048,0.9321,-1.2243,0.6116,1.0166,-0.1326,0.5801
6569,醫揚科技股份有限公司,OTC,6569.TWO,2026-09-24,0.2441,-0.4581,-0.0019,0.2996,-0.1145,0.2067,0.3567,-0.438,0.2133
6570,維田科技股份有限公司,OTC,6570.TWO,2026-09-24,0.7315,-0.2034,-0.0358,0.7275,0.1267,0.4806,0.6059,-0.1799,0.3518
6574,霈方國際股份有限公司,OTC,6574.TWO,2026-09-24,0.3977,0.3671,-0.0126,0.2322,0.2901,0.1636,0.3772,0.4969,0.2247
6576,逸達生物科技股份有限公司,OTC,6576.TWO,2026-09-24,0.1815,0.0225,0.0024,0.0872,0.0482,0.0708,0.1109,-0.067,0.0766
6577,勁豐電子股份有限公司,OTC,6577.TWO,2026-09-24,0.1843,0.3377,0.0022,0.206,0.1571,0.1468,0.2593,0.0715,0.1591
6578,達邦蛋白生技股份有限公司,OTC,6578.TWO,2026-09-24,0.2816,0.145,-0.0045,0.1342,-0.1986,0.1009,0.1366,-0.3394,0.0909
6584,南俊國際股份有限公司,OTC,6584.TWO,2026-09-24,0.9861,-0.7321,-0.0534,1.1543,-0.5539,0.7538,1.1595,0.4873,0.6596
6588,東典光電科技股份有限公司,OTC,6588.TWO,2026-09-24,0.8799,1.5247,-0.0461,0.9162,-0.6426,0.6014,0.9957,1.1802,0.5685
6590,普鴻資訊股份有限公司,OTC,6590.TWO,2026-09-24,0.1232,0.7204,0.0064,0.1229,0.1607,0.0937,0.1434,0.0455,0.0947
6593,台灣銘板股份有限公司,OTC,6593.TWO,2026-09-24,0.0648,-0.101,0.0105,0.1216,-0.3594,0.0928,0.2045,-0.5123,0.1287
6596,寬宏藝術經紀股份有限公司,OTC,6596.TWO,2026-09-24,0.2624,0.2377,-0.0032,0.2439,-0.1399,0.1711,0.2671,-0.4028,0.1635
6597,立誠光電股份有限公司,OTC,6597.TWO,2026-09-24,0.4857,0.3517,-0.0187,0.546,0.0828,0.3644,0.4941,0.1347,0.2897
6603,富強鑫精密工業股份有限公司,OTC,6603.TWO,2026-09-24,0.4573,0.5695,-0.0167,0.4987,0.3842,0.3342,0.4554,0.4129,0.2682
6609,台灣瀧澤科技股份有限公司,OTC,6609.TWO,2026-09-24,0.4741,0.0813,-0.0179,0.518,-0.1722,0.3465,0.6044,-0.2069,0.351
6612,應用奈米醫材科技股份有限公司,OTC,6612.TWO,2026-09-24,0.0662,0.5004,0.0104,0.0796,0.2586,0.0659,0.1954,-0.2109,0.1236
6613,朋億股份有限公司,OTC,6613.TWO,2026-09-24,0.9815,-1.0485,-0.0531,0.9051,0.1712,0.5943,0.7981,0.1546,0.4587
6615,慧智基因股份有限公司,OTC,6615.TWO,2026-09-23,0.1853,-0.2482,0.0114,0.1093,-0.0382,0.083,0.1132,-0.0521,0.0754
6616,特昇國際股份有限公司,OTC,6616.TWO,2026-09-24,-0.0009,-0.4341,0.0151,0.0453,-0.4193,0.044,0.0665,-0.228,0.052
6617,共信醫藥科技控股股份有限公司,OTC,6617.TWO,2026-09-24,0.7329,2.8388,-0.0359,0.3977,1.5306,0.2695,0.4452,0.2566,0.2625
6620,漢達生技醫藥股份有限公司,OTC,6620.TWO,2026-09-24,0.0278,1.2524,0.0131,0.1533,1.4633,0.1131,0.2395,0.1178,0.1481
6624,萬年清環境工程股份有限公司,OTC,6624.TWO,2026-09-24,0.1729,0.0104,0.003,0.0344,-0.7303,0.037,0.0509,0.3021,0.0433
6629,泰金投資控股股份有限公司,OTC,6629.TWO,2026-09-24,0.1481,-0.1855,0.0047,0.2598,-0.1259,0.1813,0.3161,-0.218,0.1907
6637,醫影股份有限公司,OTC,6637.TWO,2026-09-24,0.2326,-0.2257,-0.0011,0.2123,-0.5189,0.1509,0.1615,-0.397,0.1048
6640,均華精密工業股份有限公司,OTC,6640.TWO,2026-09-24,1.2524,-0.0444,-0.0719,1.1135,-1.0544,0.7277,1.1827,-0.0392,0.6724
6642,富致科技股份有限公司,OTC,6642.TWO,2026-09-24,0.6879,-0.0907,-0.0327,0.56,0.6132,0.3734,0.4767,0.1921,0.28
6643,&#20870;星科技股份有限公司,OTC,6643.TWO,2026-09-24,0.8456,0.5809,-0.0437,1.0988,-0.3111,0.7182,1.1181,-0.305,0.6365
6649,台灣生醫材料股份有限公司,OTC,6649.TWO,2026-09-24,-0.189,-0.0128,0.0281,-0.2074,-0.2107,-0.1177,-0.0783,-0.4191,-0.0285
6651,全宇昕科技股份有限公司,OTC,6651.TWO,2026-09-24,0.8533,0.1906,-0.0442,0.9576,0.6991,0.6279,0.8176,0.5114,0.4695
6654,天正國際精密機械股份有限公司,OTC,6654.TWO,2026-09-24,0.5736,0.4081,-0.0248,0.4507,1.4927,0.3035,0.4406,0.9236,0.2599
6661,威健股份有限公司,OTC,6661.TWO,2026-09-24,0.1487,-0.444,0.0047,0.1181,-0.3208,0.0906,0.1819,-0.3983,0.1161
6662,樂斯科生物科技股份有限公司,OTC,6662.TWO,2026-09-23,-0.0746,0.0482,0.0164,-0.0376,0.152,-0.0084,-0.0155,-0.0655,0.0067
6664,群翊工業股份有限公司,OTC,6664.TWO,2026-09-24,0.8481,-0.1258,-0.0439,0.7801,-0.2744,0.5143,0.7827,0.1039,0.4501
6667,信紘科技股份有限公司,OTC,6667.TWO,2026-09-24,0.7688,0.0627,-0.0384,0.6763,-0.0585,0.4478,0.702,-0.333,0.4052
6679,鈺太科技股份有限公司,OTC,6679.TWO,2026-09-24,0.812,-0.9793,-0.0414,0.8426,-0.7902,0.5543,0.9335,-0.4541,0.5339
6680,鑫創電子股份有限公司,OTC,6680.TWO,2026-09-24,0.1097,0.5993,0.0074,0.1063,-0.1335,0.083,0.1544,-0.3155,0.1008
6683,雍智科技股份有限公司,OTC,6683.TWO,2026-09-24,1.7022,-0.1922,-0.1032,1.4654,-0.3928,0.9529,1.5018,0.9878,0.8498
6684,安格科技股份有限公司,OTC,6684.TWO,2026-09-24,0.5083,-1.0452,-0.0203,0.5111,0.0999,0.3421,0.697,-0.3965,0.4025
6690,安碁資訊股份有限公司,OTC,6690.TWO,2026-09-24,0.2513,0.5111,-0.0024,0.2663,0.1812,0.1854,0.3206,-0.047,0.1932
6692,進金生能源服務股份有限公司,OTC,6692.TWO,2026-09-24,0.3591,-0.3825,-0.0099,0.2447,-0.7948,0.1716,0.3088,-0.517,0.1867
6693,廣閎科技股份有限公司,OTC,6693.TWO,2026-09-24,1.2737,-0.0204,-0.0734,1.3331,0.8493,0.8682,1.09,0.91,0.6209
6697,東捷資訊服務股份有限公司,OTC,6697.TWO,2026-09-24,0.1391,0.0307,0.0053,0.1431,-0.0529,0.1066,0.1831,-0.1909,0.1168
6703,軒郁國際股份有限公司,OTC,6703.TWO,2026-09-24,0.1658,-0.1027,0.0035,0.13,-0.1674,0.0982,0.1322,-0.0451,0.0885
6708,天擎積體電路股份有限公司,OTC,6708.TWO,2026-09-24,0.21,0.3084,0.0004,0.2463,0.0308,0.1726,0.3258,-0.0588,0.1961
6712,長聖國際生技股份有限公司,OTC,6712.TWO,2026-09-24,0.1302,0.1636,0.006,0.1491,0.3862,0.1104,0.1974,-0.1107,0.1247
6716,應廣科技股份有限公司,OTC,6716.TWO,2026-09-24,0.9475,1.2477,-0.0508,0.8395,0.97,0.5523,0.9305,0.5878,0.5323
6720,久昌科技股份有限公司,OTC,6720.TWO,2026-09-24,0.1153,-0.3066,0.007,0.099,-0.5751,0.0784,0.2593,-0.107,0.1591
6721,信實保全股份有限公司,OTC,6721.TWO,2026-09-24,0.0557,-0.3962,0.0111,0.0553,-0.2435,0.0504,0.0519,-0.1767,0.0439
6725,台灣矽科宏晟科技股份有限公司,OTC,6725.TWO,2026-09-24,0.9184,-1.6918,-0.0487,1.0373,-0.8623,0.6789,0.9647,-0.556,0.5513
6727,亞泰金屬工業股份有限公司,OTC,6727.TWO,2026-09-24,1.4488,1.3411,-0.0856,1.4246,0.2647,0.9268,1.3637,0.7927,0.7731
6728,上洋產業股份有限公司,OTC,6728.TWO,2026-09-24,0.1666,0.2168,0.0034,0.1213,-0.0974,0.0926,0.1595,-0.2732,0.1037
6730,常廣股份有限公司,OTC,6730.TWO,2026-09-24,0.3367,-0.4902,-0.0084,0.2876,-0.295,0.1991,0.2662,-0.4986,0.163
6732,昇佳電子股份有限公司,OTC,6732.TWO,2026-09-24,0.5061,-0.3261,-0.0201,0.6494,-0.1823,0.4306,0.6764,-0.6922,0.391
6733,博晟生醫股份有限公司,OTC,6733.TWO,2026-09-24,0.0207,0.2547,0.0136,0.0243,-0.522,0.0306,0.127,-0.5216,0.0856
6735,美達科技股份有限公司,OTC,6735.TWO,2026-09-24,1.0413,-1.0782,-0.0573,1.055,-0.3409,0.6902,0.9728,-0.6055,0.5558
6739,竹陞科技股份有限公司,OTC,6739.TWO,2026-09-24,1.3527,0.5537,-0.0789,1.2985,-0.8028,0.8461,1.3234,-0.2305,0.7507
6741,"91APP, Inc.",OTC,6741.TWO,2026-09-24,0.2559,-0.3404,-0.0028,0.307,-0.3133,0.2115,0.3452,-0.4903,0.2069
6751,智聯服務股份有限公司,OTC,6751.TWO,2026-09-24,0.2748,-0.0093,-0.0041,0.2689,-0.3066,0.1871,0.3622,-0.0487,0.2163
6752,叡揚資訊股份有限公司,OTC,6752.TWO,2026-09-24,0.2347,0.0116,-0.0013,0.2654,-0.2626,0.1849,0.4399,-0.4727,0.2595
6761,穩得實業股份有限公司,OTC,6761.TWO,2026-09-24,1.0836,-0.2751,-0.0602,0.9302,-0.3704,0.6103,1.0053,-0.2563,0.5738
6762,達亞國際股份有限公司,OTC,6762.TWO,2026-09-24,0.3527,-0.1213,-0.0095,0.2274,-0.0633,0.1605,0.3041,-0.3693,0.184
6763,綠界科技股份有限公司,OTC,6763.TWO,2026-09-24,0.2618,-0.278,-0.0032,0.2384,-0.2896,0.1676,0.342,-0.4234,0.2051
6767,台灣微創醫療器材股份有限公司,OTC,6767.TWO,2026-09-24,-0.0123,0.0254,0.0159,0.0236,-0.2828,0.0301,0.0876,-0.2745,0.0637
6785,昱展新藥生技股份有限公司,OTC,6785.TWO,2026-09-24,0.348,-0.6181,-0.0092,0.2861,-1.1845,0.1981,0.5,-0.9406,0.2929
6788,華景電通股份有限公司,OTC,6788.TWO,2026-09-24,1.0569,-0.9387,-0.0584,1.0739,-0.6502,0.7023,1.1143,-0.1085,0.6344
6791,虎門科技股份有限公司,OTC,6791.TWO,2026-09-24,0.4267,-0.1446,-0.0146,0.5752,-0.155,0.3831,0.5768,-0.4165,0.3356
6803,崑鼎綠能環保股份有限公司,OTC,6803.TWO,2026-09-24,0.0579,-0.0924,0.011,0.0527,-0.0848,0.0487,0.0758,-0.0514,0.0571
6804,明係事業股份有限公司,OTC,6804.TWO,2026-09-24,0.0591,0.7445,0.0109,0.0397,0.2623,0.0404,0.0456,-0.0594,0.0403
6811,宏碁資訊服務股份有限公司,OTC,6811.TWO,2026-09-24,0.3768,0.7637,-0.0112,0.4247,0.5145,0.2868,0.4943,-0.1431,0.2898
6821,聯寶電子股份有限公司,OTC,6821.TWO,2026-09-24,0.769,-1.7696,-0.0384,0.8357,-0.9883,0.5499,0.6664,-0.1419,0.3854
6823,濾能股份有限公司,OTC,6823.TWO,2026-09-24,0.5869,-0.4367,-0.0257,0.6447,-0.3252,0.4276,0.5957,-0.2533,0.3461
6829,千附精密股份有限公司,OTC,6829.TWO,2026-09-24,1.2693,0.3181,-0.0731,1.2163,0.8459,0.7934,1.0478,0.2016,0.5975
6840,東研信超股份有限公司,OTC,6840.TWO,2026-09-24,0.55,2.313,-0.0232,0.5138,0.9832,0.3438,0.5696,0.3438,0.3316
6841,長佳智能股份有限公司,OTC,6841.TWO,2026-09-24,0.3261,-0.459,-0.0076,0.2223,-0.3104,0.1573,0.2295,-0.4196,0.1426
6843,進典工業股份有限公司,OTC,6843.TWO,2026-09-24,0.1488,0.0378,0.0047,0.1184,-0.2329,0.0908,0.2027,-0.4462,0.1277
6844,諾貝兒寶貝股份有限公司,OTC,6844.TWO,2026-09-24,0.113,-0.2778,0.0072,0.0822,-0.1463,0.0676,0.0985,-0.4505,0.0698
6846,綠茵生技股份有限公司,OTC,6846.TWO,2026-09-24,0.1653,-0.3363,0.0035,0.106,-0.3052,0.0828,0.1207,-0.2643,0.0821
6855,數泓科技股份有限公司,OTC,6855.TWO,2026-09-23,0.295,0.018,0.0093,0.2595,0.1425,0.1766,0.2781,-0.0964,0.1634
6856,鑫傳國際多媒體科技股份有限公司,OTC,6856.TWO,2026-09-24,0.1172,0.0763,0.0069,0.0837,-0.3243,0.0686,0.0386,-0.1267,0.0365
6859,伯特光電股份有限公司,OTC,6859.TWO,2026-09-24,0.3541,0.1423,-0.0096,0.346,0.0132,0.2364,0.4054,-0.007,0.2404
6865,偉康科技股份有限公司,OTC,6865.TWO,2026-09-24,0.0532,0.0739,0.0113,0.0942,-0.583,0.0753,0.0921,-0.5522,0.0662
6870,騰雲科技服務股份有限公司,OTC,6870.TWO,2026-09-24,0.4594,1.3081,-0.0169,0.4283,1.4292,0.2891,0.4604,0.5284,0.2709
6872,浩宇生醫股份有限公司,OTC,6872.TWO,2026-09-24,0.1909,1.469,0.0017,0.1162,0.6693,0.0894,0.175,0.1021,0.1123
6874,倍力資訊股份有限公司,OTC,6874.TWO,2026-09-24,0.2704,-0.0625,-0.0038,0.1855,-0.1819,0.1337,0.2185,0.0337,0.1365
6875,國邑藥品科技股份有限公司,OTC,6875.TWO,2026-09-24,0.1735,-0.6841,0.003,0.1963,-0.436,0.1406,0.2004,-0.4173,0.1264
6877,鏵友益科技股份有限公司,OTC,6877.TWO,2026-09-24,1.0099,-0.1542,-0.0551,1.0205,-0.3533,0.6681,0.9977,-0.1095,0.5696
6881,潤德室內裝修設計工程(股)公司,OTC,6881.TWO,2026-09-24,0.2171,-0.2624,-0.0001,0.1943,-0.1606,0.1394,0.1738,-0.09,0.1116
6884,海柏特股份有限公司,OTC,6884.TWO,2026-09-24,0.2115,-0.0165,0.0003,0.1319,-0.104,0.0994,0.1143,-0.4138,0.0785
6894,衛司特科技股份有限公司,OTC,6894.TWO,2026-09-24,0.6966,0.1959,-0.0334,0.824,-0.0645,0.5424,0.8237,0.3202,0.4729
6895,宏碩系統股份有限公司,OTC,6895.TWO,2026-09-24,0.5369,0.0908,-0.0223,0.3994,-0.5637,0.2706,0.5824,-0.8084,0.3387
6899,創為精密材料股份有限公司,OTC,6899.TWO,2026-09-24,0.2219,-0.3754,-0.0004,0.2309,-0.0727,0.1628,0.1844,-0.0468,0.1175
6903,巨漢系統科技股份有限公司,OTC,6903.TWO,2026-09-24,1.0847,-0.6438,-0.0603,0.9919,-0.2142,0.6498,0.9863,0.5535,0.5633
6904,伯鑫工具股份有限公司,OTC,6904.TWO,2026-09-23,0.1739,-0.0136,0.0116,0.1453,0.0046,0.1055,0.1363,-0.0589,0.0877
6907,雅特力科技(開曼)股份有限公司,OTC,6907.TWO,2026-09-24,1.0514,1.527,-0.058,0.8948,1.1153,0.5877,,,
6910,德鴻科技股份有限公司,OTC,6910.TWO,2026-09-24,0.2597,-0.1448,-0.003,0.2527,-0.4337,0.1767,0.294,-0.7585,0.1784
6913,鴻呈實業股份有限公司,OTC,6913.TWO,2026-09-24,0.587,0.5021,-0.0257,0.5937,0.1524,0.395,0.6559,-0.2978,0.3796
6922,宸曜科技股份有限公司,OTC,6922.TWO,2026-09-24,0.7556,1.1173,-0.0374,0.6875,0.4464,0.455,0.7468,-0.1987,0.4301
6925,意藍資訊股份有限公司,OTC,6925.TWO,2026-09-24,0.4657,0.6668,-0.0173,0.3054,-0.111,0.2105,0.4701,-0.8373,0.2763
6929,佑全藥品股份有限公司,OTC,6929.TWO,2026-09-23,0.2271,-0.2364,0.0106,0.1411,-0.71,0.1028,0.1291,-0.3701,0.0839
6945,圓祥生技股份有限公司,OTC,6945.TWO,2026-09-24,0.4501,1.7063,-0.0162,0.3082,-0.7644,0.2123,0.4326,0.176,0.2555
6953,家碩科技股份有限公司,OTC,6953.TWO,2026-09-24,0.765,-0.009,-0.0381,0.8169,-0.141,0.5378,0.9306,-0.3282,0.5323
6961,旅天下聯合國際旅行社(股)公司,OTC,6961.TWO,2026-09-24,0.0494,-0.552,0.0116,0.0396,-0.2131,0.0403,0.0931,-0.4891,0.0668
6967,汎瑋材料科技股份有限公司,OTC,6967.TWO,2026-09-24,0.4417,-0.2112,-0.0157,0.4473,-0.0684,0.3013,0.497,0.0457,0.2913
6968,萬達寵物事業股份有限公司,OTC,6968.TWO,2026-09-24,0.0305,0.1428,0.0129,0.0669,-0.0754,0.0578,0.1806,-0.4336,0.1154
6971,惠民實業股份有限公司,OTC,6971.TWO,2026-09-24,0.0781,-0.3495,0.0096,0.0695,-0.3498,0.0595,0.1074,-0.6293,0.0747
6982,大井泵浦工業股份有限公司,OTC,6982.TWO,2026-09-24,0.2401,-0.9079,-0.0017,0.4176,-0.519,0.2823,0.4347,-0.6499,0.2566
6983,華洋精機股份有限公司,OTC,6983.TWO,2026-09-24,0.6132,0.022,-0.0276,0.6352,-0.2483,0.4215,0.7597,0.9603,0.4373
6986,和迅生命科學股份有限公司,OTC,6986.TWO,2026-09-24,0.1608,-0.1963,0.0038,0.221,-0.6128,0.1564,0.2538,-0.4468,0.1561
6996,力領科技股份有限公司,OTC,6996.TWO,2026-09-24,0.4994,-0.4026,-0.0197,0.5044,-0.079,0.3378,0.5359,-0.033,0.3129
6997,博弘雲端科技股份有限公司,OTC,6997.TWO,2026-09-24,0.297,-0.0258,-0.0056,0.2616,-0.3701,0.1824,0.204,-0.4565,0.1284
7402,邑錡股份有限公司,OTC,7402.TWO,2026-09-24,0.7352,-0.7252,-0.036,0.5917,-0.5641,0.3937,0.6849,-0.5189,0.3957
7547,碩網資訊股份有限公司,OTC,7547.TWO,2026-09-24,0.4244,0.3346,-0.0145,0.4826,-0.6715,0.3239,0.5672,-0.5933,0.3303
7556,意德士科技股份有限公司,OTC,7556.TWO,2026-09-24,0.792,0.065,-0.04,0.8187,0.668,0.539,0.7953,0.2226,0.4571
7584,樂意傳播股份有限公司,OTC,7584.TWO,2026-09-24,0.2179,-0.2673,-0.0001,0.2133,-0.3062,0.1515,0.1699,-0.7416,0.1094
7642,昶瑞機電股份有限公司,OTC,7642.TWO,2026-09-24,0.1542,-0.1424,0.0043,0.1881,-0.0393,0.1354,0.2852,-0.4759,0.1735
7703,銳澤實業股份有限公司,OTC,7703.TWO,2026-09-24,0.7428,0.2317,-0.0366,0.7046,-0.4957,0.466,0.7554,-0.4106,0.4349
7704,明遠精密科技股份有限公司,OTC,7704.TWO,2026-09-24,0.5819,0.0145,-0.0254,0.6053,0.4172,0.4024,0.5572,0.088,0.3247
7708,全家國際餐飲股份有限公司,OTC,7708.TWO,2026-09-24,0.0281,0.1367,0.013,0.0279,0.1041,0.0329,0.0211,-0.0165,0.0267
7709,榮田精機股份有限公司,OTC,7709.TWO,2026-09-24,1.0681,0.4503,-0.0591,0.8572,0.2802,0.5636,0.7409,0.7235,0.4269
7712,博盛半導體股份有限公司,OTC,7712.TWO,2026-09-24,1.1662,-0.4207,-0.0659,1.229,0.4499,0.8016,1.2022,-0.2627,0.6833
7713,威力德生醫股份有限公司,OTC,7713.TWO,2026-09-24,0.0107,0.222,0.0143,0.0032,0.1972,0.017,0.0363,0.0544,0.0352
7714,創泓科技股份有限公司,OTC,7714.TWO,2026-09-24,0.9047,1.0238,-0.0478,0.6217,0.4403,0.4129,0.6638,0.0498,0.384
7715,裕山環境工程股份有限公司,OTC,7715.TWO,2026-09-24,0.5569,-1.0595,-0.0237,0.4881,-0.197,0.3274,0.4543,-0.3879,0.2675
7716,昱臺國際股份有限公司,OTC,7716.TWO,2026-09-24,0.1548,0.0032,0.0043,0.1565,-0.1093,0.1152,0.1687,-0.2756,0.1088
7717,英屬開曼群島商萊德光電(股)公司,OTC,7717.TWO,2026-09-24,1.2638,1.8895,-0.0727,1.0885,-0.7766,0.7117,,,
7718,友鋮股份有限公司,OTC,7718.TWO,2026-09-24,0.0231,-0.1441,0.0134,0.0255,0.0477,0.0313,0.1273,-0.0404,0.0858
7723,築間餐飲事業股份有限公司,OTC,7723.TWO,2026-09-24,0.2531,-0.7597,-0.0026,0.2235,-1.4138,0.158,0.2606,-0.8425,0.1599
7728,光焱科技股份有限公司,OTC,7728.TWO,2026-09-24,0.7568,-0.1774,-0.0375,0.7962,-0.7735,0.5246,0.8151,0.5818,0.4681
7734,印能科技股份有限公司,OTC,7734.TWO,2026-09-24,1.0127,-0.1075,-0.0553,0.9224,0.1047,0.6053,0.9966,0.7427,0.569
7738,東聯互動股份有限公司,OTC,7738.TWO,2026-09-24,0.1567,0.0302,0.0041,0.2162,-0.3177,0.1534,0.2235,-0.4305,0.1392
7743,金利食安科技股份有限公司,OTC,7743.TWO,2026-09-24,0.2855,1.2089,-0.0048,0.2133,0.4122,0.1515,0.1995,-0.0994,0.1259
7744,崴寶精密科技股份有限公司,OTC,7744.TWO,2026-09-24,0.6786,0.9387,-0.0321,0.6728,0.1907,0.4456,0.8382,0.1213,0.4809
7747,昕奇雲端科技股份有限公司,OTC,7747.TWO,2026-09-24,0.058,-0.0722,0.011,0.0968,0.1099,0.077,0.0855,-0.1389,0.0625
7751,竑騰科技股份有限公司,OTC,7751.TWO,2026-09-24,1.3275,0.7299,-0.0771,1.1256,-0.4751,0.7354,1.2813,0.739,0.7273
7753,星亞視覺股份有限公司,OTC,7753.TWO,2026-09-24,0.3151,-0.5357,-0.0069,0.253,-0.2554,0.1769,0.2649,-0.4585,0.1623
7757,金色三麥餐飲股份有限公司,OTC,7757.TWO,2026-09-24,0.186,-0.1881,0.0021,0.1297,-0.3052,0.098,0.14,-0.5728,0.0928
7767,仁大資訊股份有限公司,OTC,7767.TWO,2026-09-24,0.0105,0.7257,0.0143,0.035,0.2855,0.0374,0.0813,-0.1835,0.0602
7770,君曜科技股份有限公司,OTC,7770.TWO,2026-09-24,0.0495,0.0704,0.0116,0.1834,-0.4863,0.1324,0.2182,-0.8108,0.1363
7772,耀穎光電股份有限公司,OTC,7772.TWO,2026-09-24,0.7489,1.8006,-0.037,1.1585,1.8725,0.7565,0.8816,1.1716,0.5051
7777,能率亞洲資本股份有限公司,OTC,7777.TWO,2026-09-24,0.8647,-0.3164,-0.045,0.7859,0.5351,0.518,0.8764,-0.1791,0.5022
7782,光速火箭股份有限公司,OTC,7782.TWO,2026-09-23,0.1344,-0.2229,0.0124,0.1009,0.0635,0.0778,0.1667,-0.5178,0.1039
7792,安葆國際實業股份有限公司,OTC,7792.TWO,2026-09-24,0.932,2.5642,-0.0497,0.8812,0.3952,0.579,0.8977,0.4601,0.514
7805,威聯通科技股份有限公司,OTC,7805.TWO,2026-09-24,0.4348,-0.1174,-0.0152,0.5016,-0.3807,0.336,0.546,-0.4119,0.3185
7810,捷創科技股份有限公司,OTC,7810.TWO,2026-09-24,0.4211,0.5827,-0.0142,0.5723,-0.2919,0.3813,0.7206,0.4471,0.4156
7811,民盛應用企業股份有限公司,OTC,7811.TWO,2026-09-24,0.1009,0.1006,0.008,0.0699,-0.2775,0.0597,0.0804,-0.5462,0.0597
7814,海昌生化科技股份有限公司,OTC,7814.TWO,2026-09-24,-0.291,-0.9312,0.0352,-0.0376,-0.5032,-0.0091,0.1136,-0.2671,0.0781
7819,精誠金融科技股份有限公司,OTC,7819.TWO,2026-09-24,0.2078,-0.5076,0.0006,0.076,-1.443,0.0636,0.1548,-1.2927,0.1011
7820,立盈環保科技股份有限公司,OTC,7820.TWO,2026-09-24,0.4004,-0.1064,-0.0128,0.64,-1.1252,0.4246,0.5756,-0.7424,0.335
7825,和亞智慧科技股份有限公司,OTC,7825.TWO,2026-09-24,0.4521,0.4639,-0.0164,0.9181,-0.1244,0.6026,0.7005,0.4085,0.4044
7828,創新服務股份有限公司,OTC,7828.TWO,2026-09-24,1.7186,0.2918,-0.1043,1.6023,0.383,1.0405,1.4767,1.1707,0.8359
7839,達人網科技股份有限公司,OTC,7839.TWO,2026-09-24,0.2456,0.0074,-0.002,0.1895,-0.6873,0.1363,0.1264,-0.3771,0.0853
7842,天能綠電股份有限公司,OTC,7842.TWO,2026-09-24,0.2104,0.2249,0.0004,0.1091,-0.9425,0.0848,0.1708,-0.4125,0.1099
8024,佑華微電子股份有限公司,OTC,8024.TWO,2026-09-24,0.5537,-0.7029,-0.0234,0.2442,-0.1221,0.1713,0.2246,-0.1158,0.1399
8027,鈦昇科技股份有限公司,OTC,8027.TWO,2026-09-24,1.631,-0.6768,-0.0982,1.3279,-0.1617,0.8649,1.2225,0.3964,0.6946
8032,光菱電子股份有限公司,OTC,8032.TWO,2026-09-24,0.5952,-0.5097,-0.0263,0.5368,-0.0702,0.3586,0.5852,-0.434,0.3403
8034,榮群電訊股份有限公司,OTC,8034.TWO,2026-09-24,0.5392,-0.1986,-0.0224,0.4512,-0.3902,0.3038,0.5954,-0.341,0.346
8038,長園科技實業股份有限公司,OTC,8038.TWO,2026-09-24,0.5394,-0.6265,-0.0224,0.5875,-0.6234,0.391,0.6578,-0.6675,0.3807
8040,九暘電子股份有限公司,OTC,8040.TWO,2026-09-24,1.0762,-0.0289,-0.0597,1.1304,1.0337,0.7385,0.9925,0.2058,0.5667
8042,臺灣金山電子工業股份有限公司,OTC,8042.TWO,2026-09-24,1.5513,-1.8727,-0.0927,1.6324,1.1155,1.0598,1.4409,0.67,0.816
8043,蜜望實企業股份有限公司,OTC,8043.TWO,2026-09-24,1.2959,-1.6171,-0.075,1.038,1.2204,0.6793,0.9704,1.0557,0.5544
8044,網路家庭國際資訊股份有限公司,OTC,8044.TWO,2026-09-24,0.2181,-0.5045,-0.0001,0.1904,0.107,0.1369,0.3294,-0.3899,0.1981
8047,星雲電腦股份有限公司,OTC,8047.TWO,2026-09-24,0.084,0.11,0.0092,0.1993,-0.0726,0.1426,0.2121,1.1877,0.1329
8048,德勝科技股份有限公司,OTC,8048.TWO,2026-09-24,0.6002,-0.5186,-0.0267,0.7445,-0.3355,0.4915,0.6554,-0.0748,0.3793
8049,晶采光電科技股份有限公司,OTC,8049.TWO,2026-09-24,0.1974,-0.176,0.0013,0.1866,-0.0694,0.1344,0.2129,-0.1203,0.1333
8050,廣積科技股份有限公司,OTC,8050.TWO,2026-09-24,0.4616,1.0048,-0.017,0.5535,0.7178,0.3692,0.5507,0.032,0.3211
8054,安國國際科技股份有限公司,OTC,8054.TWO,2026-09-24,0.8268,-1.2646,-0.0424,0.7427,-0.4958,0.4903,0.8768,-0.4165,0.5024
8059,凱碩科技股份有限公司,OTC,8059.TWO,2026-09-24,0.4976,-1.6422,-0.0195,0.5324,-1.3008,0.3557,0.614,-1.1988,0.3563
8064,東捷科技股份有限公司,OTC,8064.TWO,2026-09-24,1.5025,0.1466,-0.0893,1.5069,1.0215,0.9794,1.3828,0.8019,0.7837
8066,來思達國際企業股份有限公司,OTC,8066.TWO,2026-09-24,0.0966,-0.0763,0.0083,0.1207,-0.533,0.0922,0.1273,-0.4646,0.0858
8067,志旭國際股份有限公司,OTC,8067.TWO,2026-09-24,0.2683,-0.2635,-0.0036,-0.0129,-0.2512,0.0067,0.0158,0.0939,0.0238
8068,全達國際股份有限公司,OTC,8068.TWO,2026-09-24,0.52,-0.1008,-0.0211,0.5602,-0.5941,0.3735,0.698,-0.4412,0.403
8069,元太科技工業股份有限公司,OTC,8069.TWO,2026-09-24,0.4468,-1.1348,-0.016,0.5691,-0.0821,0.3792,0.713,-0.7121,0.4113
8071,能率網通股份有限公司,OTC,8071.TWO,2026-09-24,0.7885,-1.2661,-0.0397,0.6912,0.4402,0.4574,0.6985,-0.1553,0.4033
8074,鉅橡企業股份有限公司,OTC,8074.TWO,2026-09-24,1.0885,-0.9654,-0.0606,1.1712,-0.6365,0.7646,1.2275,0.1991,0.6974
8076,伍豐科技股份有限公司,OTC,8076.TWO,2026-09-24,0.4637,-0.3751,-0.0172,0.5063,-0.3704,0.339,0.5774,-0.3853,0.336
8077,洛碁實業股份有限公司,OTC,8077.TWO,2026-09-24,0.2157,-0.1442,0.0,0.2249,-0.0069,0.1589,0.1744,-0.008,0.1119
8080,泰霖事業股份有限公司,OTC,8080.TWO,2026-09-24,0.2627,0.0977,-0.0032,0.1832,-0.1376,0.1323,0.2674,-0.1022,0.1636
8083,瑞穎股份有限公司,OTC,8083.TWO,2026-09-24,0.1244,-0.1514,0.0064,0.1316,-0.0936,0.0992,0.1648,0.0077,0.1066
8084,巨虹電子股份有限公司,OTC,8084.TWO,2026-09-24,0.2548,-1.4847,-0.0027,0.2846,-0.8994,0.1971,0.2648,-0.2794,0.1622
8085,福華電子股份有限公司,OTC,8085.TWO,2026-09-24,0.4955,0.9305,-0.0194,0.4733,-0.2824,0.3179,0.5695,-0.5823,0.3316
8086,宏捷科技股份有限公司,OTC,8086.TWO,2026-09-24,1.0985,-0.819,-0.0613,1.1667,-0.8222,0.7617,1.1834,-0.4898,0.6728
8087,麗升能源科技股份有限公司,OTC,8087.TWO,2026-09-24,0.4017,-1.2661,-0.0129,0.3319,-0.8679,0.2274,0.3571,-0.4542,0.2135
8088,品安科技股份有限公司,OTC,8088.TWO,2026-09-24,0.9394,-1.3713,-0.0502,0.9712,-0.7929,0.6366,1.0878,-0.2196,0.6197
8089,康全電訊股份有限公司,OTC,8089.TWO,2026-09-24,0.2109,-0.0376,0.0004,0.2128,-0.3839,0.1512,0.3898,-0.713,0.2317
8091,翔名科技股份有限公司,OTC,8091.TWO,2026-09-24,1.0256,-0.804,-0.0562,0.8913,0.2781,0.5854,0.8663,0.3731,0.4966
8092,建暐精密科技股份有限公司,OTC,8092.TWO,2026-09-24,0.3438,-0.0426,-0.0089,0.4442,-0.0197,0.2993,0.4616,-0.3311,0.2716
8093,保銳科技股份有限公司,OTC,8093.TWO,2026-09-24,0.3152,0.8133,-0.0069,0.2655,0.1548,0.1849,0.1789,-0.059,0.1144
8096,擎亞電子股份有限公司,OTC,8096.TWO,2026-09-24,1.2241,-2.1061,-0.07,1.2451,-0.6578,0.8119,1.2619,0.3087,0.7165
8097,常珵科技股份有限公司,OTC,8097.TWO,2026-09-24,0.1639,-0.806,0.0036,0.1024,-0.3358,0.0805,0.131,-0.3557,0.0878
8099,大同世界科技股份有限公司,OTC,8099.TWO,2026-09-24,0.2307,0.3529,-0.001,0.2271,0.026,0.1603,0.2645,-0.342,0.162
8102,傑霖科技股份有限公司,OTC,8102.TWO,2026-09-24,0.285,-0.4555,-0.0048,0.3452,0.0468,0.2359,0.3424,-0.3992,0.2053
8107,大億金茂股份有限公司,OTC,8107.TWO,2026-09-24,0.3169,-0.0346,-0.007,0.1405,-0.1655,0.1049,0.1876,-0.3185,0.1193
8109,博大科技股份有限公司,OTC,8109.TWO,2026-09-24,0.3911,0.3607,-0.0121,0.2637,0.3924,0.1838,0.3093,0.24,0.1869
8111,立碁電子工業股份有限公司,OTC,8111.TWO,2026-09-24,0.7915,1.9364,-0.0399,0.8632,0.2346,0.5675,0.9596,0.0179,0.5484
8121,越峰電子材料股份有限公司,OTC,8121.TWO,2026-09-24,0.9741,-1.9088,-0.0526,1.1507,0.0618,0.7515,1.1182,-0.351,0.6366
8147,正淩精密工業股份有限公司,OTC,8147.TWO,2026-09-24,0.8742,-0.1024,-0.0457,0.7723,-0.3125,0.5093,0.8021,-0.1418,0.4609
8155,博智電子股份有限公司,OTC,8155.TWO,2026-09-24,1.2924,-0.1481,-0.0747,1.1326,0.0859,0.7399,1.2443,0.2973,0.7067
8171,天宇工業股份有限公司,OTC,8171.TWO,2026-09-24,0.2856,-0.0957,-0.0048,0.2306,-0.4256,0.1626,0.3769,-0.4626,0.2245
8176,智捷科技股份有限公司,OTC,8176.TWO,2026-09-24,0.2127,-0.4428,0.0002,0.2253,-0.4214,0.1592,0.3883,-0.1913,0.2309
8182,加高電子股份有限公司,OTC,8182.TWO,2026-09-24,1.0509,-0.9651,-0.0579,0.9283,0.4857,0.6091,0.8307,0.1833,0.4768
8183,台灣精星科技股份有限公司,OTC,8183.TWO,2026-09-23,0.5863,-0.6886,0.0037,0.574,-0.5441,0.3724,0.7071,-0.3568,0.3922
8227,巨有科技股份有限公司,OTC,8227.TWO,2026-09-24,0.9972,2.1926,-0.0542,0.9929,1.706,0.6505,0.9994,0.372,0.5706
8234,新漢股份有限公司,OTC,8234.TWO,2026-09-24,0.8147,-0.2577,-0.0416,0.9105,-0.3594,0.5977,0.9373,-0.7651,0.536
8240,華宏新技股份有限公司,OTC,8240.TWO,2026-09-24,0.9321,0.2533,-0.0497,0.7861,-0.3947,0.5181,0.8636,0.0589,0.4951
8255,朋程科技股份有限公司,OTC,8255.TWO,2026-09-24,0.9407,-0.756,-0.0503,1.0041,-0.0377,0.6576,0.9081,-0.334,0.5198
8272,全景軟體股份有限公司,OTC,8272.TWO,2026-09-24,0.0866,-0.3038,0.009,0.0525,-0.1576,0.0486,0.1154,-0.373,0.0791
8277,商丞科技股份有限公司,OTC,8277.TWO,2026-09-24,0.3002,-1.3504,-0.0058,0.3211,-0.3309,0.2205,0.3603,-0.5151,0.2153
8279,生展生物科技股份有限公司,OTC,8279.TWO,2026-09-24,0.1609,-0.4835,0.0038,0.1412,-0.6383,0.1054,0.1914,-0.5059,0.1214
8284,三竹資訊股份有限公司,OTC,8284.TWO,2026-09-24,0.0749,0.3856,0.0098,0.0685,0.2495,0.0588,0.1018,0.0998,0.0716
8289,泰藝電子股份有限公司,OTC,8289.TWO,2026-09-24,1.038,-1.1303,-0.0571,1.0355,0.0617,0.6777,0.9844,0.4168,0.5622
8291,尚茂電子材料股份有限公司,OTC,8291.TWO,2026-09-24,0.2538,-0.9542,-0.0026,0.431,2.0788,0.2908,0.3122,0.7608,0.1885
8299,群聯電子股份有限公司,OTC,8299.TWO,2026-09-24,1.4277,0.0311,-0.0841,1.4886,-0.0042,0.9677,1.6336,0.6548,0.9231
8342,益張實業股份有限公司,OTC,8342.TWO,2026-09-24,-0.0154,-0.3414,0.0161,-0.0252,0.0504,-0.0011,-0.0208,0.074,0.0034
8349,恒耀國際股份有限公司,OTC,8349.TWO,2026-09-24,0.089,-0.0244,0.0088,0.0615,-0.0021,0.0544,0.1034,-0.1705,0.0725
8354,冠好科技股份有限公司,OTC,8354.TWO,2026-09-24,0.1878,0.2248,0.002,0.2392,0.2206,0.1681,0.2266,0.1431,0.141
8358,金居開發股份有限公司,OTC,8358.TWO,2026-09-24,1.777,-0.0355,-0.1083,1.782,0.9529,1.1555,1.6296,0.288,0.9209
8383,千附實業股份有限公司,OTC,8383.TWO,2026-09-24,0.8518,0.8476,-0.0441,0.882,0.6343,0.5795,0.766,0.2466,0.4408
8390,金益鼎企業股份有限公司,OTC,8390.TWO,2026-09-24,0.5473,-0.3674,-0.023,0.5421,-0.1555,0.3619,0.6308,0.0944,0.3657
8401,白紗科技印刷股份有限公司,OTC,8401.TWO,2026-09-24,0.0839,-0.0466,0.0092,0.0928,-0.2531,0.0744,0.0927,-0.2391,0.0665
8403,盛弘醫藥股份有限公司,OTC,8403.TWO,2026-09-24,0.1188,0.121,0.0068,0.0846,-0.3142,0.0691,0.1142,-0.3166,0.0785
8409,商之器科技股份有限公司,OTC,8409.TWO,2026-09-24,0.1583,-0.1807,0.004,0.1201,-0.3407,0.0919,0.1205,-0.252,0.082
8410,森田印刷廠股份有限公司,OTC,8410.TWO,2026-09-24,0.1945,-0.5051,0.0015,0.2106,-0.5439,0.1498,0.2285,-0.4532,0.142
8415,大成國際鋼鐵股份有限公司,OTC,8415.TWO,2026-09-24,0.0001,0.2184,0.015,-0.0027,0.184,0.0133,0.0217,0.0992,0.0271
8416,實威國際股份有限公司,OTC,8416.TWO,2026-09-24,0.0875,-0.0014,0.0089,0.0595,0.0921,0.0531,0.0989,-0.0135,0.07
8421,旭源包裝科技股份有限公司,OTC,8421.TWO,2026-09-24,-0.1383,0.1272,0.0246,-0.0274,-0.012,-0.0025,0.0657,0.0244,0.0515
8423,保綠資源股份有限公司,OTC,8423.TWO,2026-09-24,0.0781,0.2709,0.0096,0.0499,0.0123,0.0469,0.1457,-0.0603,0.096
8424,惠普股份有限公司,OTC,8424.TWO,2026-09-24,0.0171,0.1118,0.0138,0.0013,0.0519,0.0158,0.0211,0.0226,0.0267
8426,紅木集團有限公司,OTC,8426.TWO,2026-09-24,0.1464,0.2888,0.0048,0.076,-0.3746,0.0636,0.1124,-0.3303,0.0775
8431,匯鑽科技股份有限公司,OTC,8431.TWO,2026-09-24,0.7263,1.0185,-0.0354,0.742,-0.0344,0.4899,0.8263,0.1109,0.4743
8432,東生華製藥股份有限公司,OTC,8432.TWO,2026-09-24,0.1751,-0.096,0.0028,0.1104,-0.0235,0.0857,0.1306,-0.0552,0.0876
8433,弘帆股份有限公司,OTC,8433.TWO,2026-09-24,0.1393,0.0478,0.0053,0.1301,-0.2764,0.0983,0.1922,-0.022,0.1218
8435,台灣鉅邁股份有限公司,OTC,8435.TWO,2026-09-24,0.0845,0.0593,0.0091,0.0706,-0.0671,0.0602,0.138,-0.1135,0.0917
8436,大江生醫股份有限公司,OTC,8436.TWO,2026-09-24,0.1498,-0.0578,0.0046,0.1328,-0.3512,0.1,0.2175,-0.1163,0.1359
8437,大地幼教股份有限公司,OTC,8437.TWO,2026-09-24,0.2013,0.3373,0.001,0.1593,-0.393,0.117,0.1799,-0.6052,0.115
8440,綠電再生股份有限公司,OTC,8440.TWO,2026-09-24,0.3306,-0.1829,-0.0079,0.3461,-0.367,0.2365,0.4198,-0.4109,0.2484
8444,綠河股份有限公司,OTC,8444.TWO,2026-09-24,0.2706,-0.7087,-0.0038,0.055,-1.1228,0.0502,0.0463,-0.9978,0.0407
8446,華研國際音樂股份有限公司,OTC,8446.TWO,2026-09-24,0.0721,-0.1459,0.01,0.0241,-0.1373,0.0304,0.064,-0.0943,0.0506
8450,霹靂國際多媒體股份有限公司,OTC,8450.TWO,2026-09-24,0.0807,-0.1553,0.0094,0.0624,-0.4541,0.0549,0.0483,-0.2037,0.0418
8455,蓋曼群島商日本大拓股份有限公司,OTC,8455.TWO,2026-09-24,0.5933,-0.7435,-0.0262,0.5161,0.0583,0.3453,0.4456,-0.1575,0.2627
8472,納維康生技股份有限公司,OTC,8472.TWO,2026-09-24,-0.0768,-0.1194,0.0203,-0.1009,0.1164,-0.0496,0.0013,0.172,0.0157
8477,創業家數位股份有限公司,OTC,8477.TWO,2026-09-24,0.2059,-0.4659,0.0007,0.3926,-0.0156,0.2663,0.4324,-0.0045,0.2554
8489,三貝德數位文創股份有限公司,OTC,8489.TWO,2026-09-24,0.2467,0.244,-0.0021,0.2038,-0.4332,0.1454,0.2366,-0.6258,0.1465
8905,裕國冷凍冷藏股份有限公司,OTC,8905.TWO,2026-09-24,0.3624,0.8726,-0.0102,0.195,-0.3303,0.1398,0.1292,0.1156,0.0868
8906,花王企業股份有限公司,OTC,8906.TWO,2026-09-24,0.2978,-0.0743,-0.0057,0.1606,-0.0301,0.1178,0.2054,-0.1888,0.1292
8908,欣雄天然氣股份有限公司,OTC,8908.TWO,2026-09-24,0.0928,-0.0135,0.0086,0.0457,0.0169,0.0442,-0.0723,0.1143,-0.0252
8916,光隆實業股份有限公司,OTC,8916.TWO,2026-09-24,-0.002,0.0456,0.0151,-0.0094,-0.1443,0.009,0.0295,-0.1472,0.0314
8917,欣泰石油氣股份有限公司,OTC,8917.TWO,2026-09-24,0.1072,0.2707,0.0076,0.0658,0.1499,0.0571,-0.1715,0.0694,-0.0803
8921,沈氏藝術印刷股份有限公司,OTC,8921.TWO,2026-09-23,0.1036,-0.0432,0.013,0.036,-0.0114,0.0374,0.1198,-0.0151,0.0789
8923,時報文化出版企業股份有限公司,OTC,8923.TWO,2026-09-23,-0.0293,-0.0891,0.0156,0.0279,-0.035,0.0324,0.0474,-0.0357,0.0403
8924,大田精密工業股份有限公司,OTC,8924.TWO,2026-09-24,0.1536,-0.7151,0.0043,0.1524,-0.5797,0.1125,0.1937,-0.3905,0.1227
8927,北基國際股份有限公司,OTC,8927.TWO,2026-09-24,0.1457,-0.4115,0.0049,0.0878,-0.4165,0.0712,0.1283,-0.7097,0.0863
8928,鉅明股份有限公司,OTC,8928.TWO,2026-09-24,0.2307,0.6438,-0.001,0.135,0.0203,0.1014,0.1555,-0.0933,0.1014
8929,富堡工業股份有限公司,OTC,8929.TWO,2026-09-24,0.1456,-0.2984,0.0049,0.0508,-0.4803,0.0475,0.1088,-0.3623,0.0755
8930,青鋼應用材料股份有限公司,OTC,8930.TWO,2026-09-24,0.0341,0.2761,0.0126,0.0504,-0.083,0.0473,0.1022,-0.0156,0.0718
8931,大園汽電共生股份有限公司,OTC,8931.TWO,2026-09-24,0.0935,0.3088,0.0085,0.1092,0.0113,0.0849,0.0883,-0.2134,0.0641
8932,智通科創股份有限公司,OTC,8932.TWO,2026-09-24,0.9282,0.3884,-0.0494,0.7583,0.3676,0.5003,0.7188,-0.2149,0.4146
8933,愛地雅工業股份有限公司,OTC,8933.TWO,2026-09-24,0.1902,0.1739,0.0018,0.1876,-0.8447,0.1351,0.2513,-0.3432,0.1547
8935,邦泰複合材料股份有限公司,OTC,8935.TWO,2026-09-24,0.348,-1.0395,-0.0092,0.3577,-0.2632,0.2439,0.4049,-0.4791,0.2401
8936,國統國際股份有限公司,OTC,8936.TWO,2026-09-24,0.2964,-0.5489,-0.0056,0.3489,-0.1222,0.2383,0.3936,-0.0918,0.2338
8937,合騏工業股份有限公司,OTC,8937.TWO,2026-09-24,0.351,0.0344,-0.0094,0.5626,-0.8165,0.3751,0.4476,-0.6719,0.2638
8938,明安國際企業股份有限公司,OTC,8938.TWO,2026-09-24,0.0636,-0.1429,0.0106,0.0517,-0.4443,0.0481,0.0889,-0.1072,0.0644
8941,關中股份有限公司,OTC,8941.TWO,2026-09-24,0.0868,0.2404,0.009,0.0199,0.0249,0.0277,0.0316,0.0245,0.0326
8942,森鉅科技材料股份有限公司,OTC,8942.TWO,2026-09-24,0.2248,0.0594,-0.0006,0.2671,0.0637,0.1859,0.3505,-0.078,0.2098
9949,琉園股份有限公司,OTC,9949.TWO,2026-09-24,0.2205,-0.4885,-0.0003,0.2138,-0.6484,0.1518,0.2292,0.1851,0.1424
9950,萬國通路股份有限公司,OTC,9950.TWO,2026-09-24,0.2401,-0.0311,-0.0017,0.1292,-0.1035,0.0977,0.0858,0.0298,0.0627
9951,皇田工業股份有限公司,OTC,9951.TWO,2026-09-24,0.1439,-0.1877,0.005,0.098,-0.1622,0.0777,0.1476,-0.2141,0.097
9960,邁達康網路事業股份有限公司,OTC,9960.TWO,2026-09-24,0.3728,1.0386,-0.0109,0.2941,0.966,0.2032,0.2283,0.5954,0.1419
9962,有益鋼鐵股份有限公司,OTC,9962.TWO,2026-09-24,0.0823,0.217,0.0093,0.0836,-0.164,0.0685,0.1369,-0.1547,0.0911
